2018-01-01T00:00:00+00:00,2.191554
2018-01-01T00:15:00+00:00,2.767815
2018-01-01T00:30:00+00:00,2.940871
2018-01-01T00:45:00+00:00,2.895965
2018-01-01T01:00:00+00:00,2.882649
2018-01-01T01:15:00+00:00,3.173938
2018-01-01T01:30:00+00:00,4.020403
2018-01-01T01:45:00+00:00,3.865385
2018-01-01T02:00:00+00:00,3.490342
2018-01-01T02:15:00+00:00,2.498301
2018-01-01T02:30:00+00:00,14.513512
2018-01-01T02:45:00+00:00,2.431948
2018-01-01T03:00:00+00:00,2.673805
2018-01-01T03:15:00+00:00,2.704839
2018-01-01T03:30:00+00:00,2.836156
2018-01-01T03:45:00+00:00,3.264316
2018-01-01T04:00:00+00:00,0
2018-01-01T04:15:00+00:00,0
2018-01-01T04:30:00+00:00,0
2018-01-01T04:45:00+00:00,0
2018-01-01T05:00:00+00:00,0
2018-01-01T05:15:00+00:00,0
2018-01-01T05:30:00+00:00,0
2018-01-01T05:45:00+00:00,0
2018-01-01T06:00:00+00:00,0
2018-01-01T06:15:00+00:00,0
2018-01-01T06:30:00+00:00,0
2018-01-01T06:45:00+00:00,0
2018-01-01T07:00:00+00:00,0
2018-01-01T07:15:00+00:00,0
2018-01-01T07:30:00+00:00,0
2018-01-01T07:45:00+00:00,0
2018-01-01T08:00:00+00:00,0
2018-01-01T08:15:00+00:00,0
2018-01-01T08:30:00+00:00,0
2018-01-01T08:45:00+00:00,0
2018-01-01T09:00:00+00:00,0
2018-01-01T09:15:00+00:00,0
2018-01-01T09:30:00+00:00,0
2018-01-01T09:45:00+00:00,0
2018-01-01T10:00:00+00:00,0
2018-01-01T10:15:00+00:00,0
2018-01-01T10:30:00+00:00,0
2018-01-01T10:45:00+00:00,0
2018-01-01T11:00:00+00:00,0
2018-01-01T11:15:00+00:00,0
2018-01-01T11:30:00+00:00,0
2018-01-01T11:45:00+00:00,0
2018-01-01T12:00:00+00:00,0
2018-01-01T12:15:00+00:00,0
2018-01-01T12:30:00+00:00,0
2018-01-01T12:45:00+00:00,0
2018-01-01T13:00:00+00:00,0
2018-01-01T13:15:00+00:00,0
2018-01-01T13:30:00+00:00,0
2018-01-01T13:45:00+00:00,0
2018-01-01T14:00:00+00:00,0
2018-01-01T14:15:00+00:00,0
2018-01-01T14:30:00+00:00,0
2018-01-01T14:45:00+00:00,0
2018-01-01T15:00:00+00:00,0
2018-01-01T15:15:00+00:00,0
2018-01-01T15:30:00+00:00,0
2018-01-01T15:45:00+00:00,0
2018-01-01T16:00:00+00:00,0
2018-01-01T16:15:00+00:00,0
2018-01-01T16:30:00+00:00,0
2018-01-01T16:45:00+00:00,0
2018-01-01T17:00:00+00:00,0
2018-01-01T17:15:00+00:00,0
2018-01-01T17:30:00+00:00,0
2018-01-01T17:45:00+00:00,0
2018-01-01T18:00:00+00:00,0
2018-01-01T18:15:00+00:00,0
2018-01-01T18:30:00+00:00,0
2018-01-01T18:45:00+00:00,0
2018-01-01T19:00:00+00:00,0
2018-01-01T19:15:00+00:00,0
2018-01-01T19:30:00+00:00,0
2018-01-01T19:45:00+00:00,0
2018-01-01T20:00:00+00:00,0
2018-01-01T20:15:00+00:00,0
2018-01-01T20:30:00+00:00,0
2018-01-01T20:45:00+00:00,0
2018-01-01T21:00:00+00:00,0
2018-01-01T21:15:00+00:00,0
2018-01-01T21:30:00+00:00,0
2018-01-01T21:45:00+00:00,0
2018-01-01T22:00:00+00:00,0
2018-01-01T22:15:00+00:00,0
2018-01-01T22:30:00+00:00,0
2018-01-01T22:45:00+00:00,0
2018-01-01T23:00:00+00:00,0
2018-01-01T23:15:00+00:00,0
2018-01-01T23:30:00+00:00,0
2018-01-01T23:45:00+00:00,0
2018-01-02T00:00:00+00:00,0
2018-01-02T00:15:00+00:00,0
2018-01-02T00:30:00+00:00,0
2018-01-02T00:45:00+00:00,0
2018-01-02T01:00:00+00:00,0
2018-01-02T01:15:00+00:00,0
2018-01-02T01:30:00+00:00,0
2018-01-02T01:45:00+00:00,0
2018-01-02T02:00:00+00:00,0
2018-01-02T02:15:00+00:00,0
2018-01-02T02:30:00+00:00,0
2018-01-02T02:45:00+00:00,0
2018-01-02T03:00:00+00:00,0
2018-01-02T03:15:00+00:00,0
2018-01-02T03:30:00+00:00,0
2018-01-02T03:45:00+00:00,0
2018-01-02T04:00:00+00:00,0
2018-01-02T04:15:00+00:00,0
2018-01-02T04:30:00+00:00,0
2018-01-02T04:45:00+00:00,0
2018-01-02T05:00:00+00:00,0
2018-01-02T05:15:00+00:00,0
2018-01-02T05:30:00+00:00,0
2018-01-02T05:45:00+00:00,0
2018-01-02T06:00:00+00:00,0
2018-01-02T06:15:00+00:00,0
2018-01-02T06:30:00+00:00,0
2018-01-02T06:45:00+00:00,0
2018-01-02T07:00:00+00:00,0
2018-01-02T07:15:00+00:00,0
2018-01-02T07:30:00+00:00,0
2018-01-02T07:45:00+00:00,0
2018-01-02T08:00:00+00:00,0
2018-01-02T08:15:00+00:00,0
2018-01-02T08:30:00+00:00,0
2018-01-02T08:45:00+00:00,0
2018-01-02T09:00:00+00:00,0
2018-01-02T09:15:00+00:00,0
2018-01-02T09:30:00+00:00,0
2018-01-02T09:45:00+00:00,0
2018-01-02T10:00:00+00:00,0
2018-01-02T10:15:00+00:00,0
2018-01-02T10:30:00+00:00,0
2018-01-02T10:45:00+00:00,0
2018-01-02T11:00:00+00:00,0
2018-01-02T11:15:00+00:00,0
2018-01-02T11:30:00+00:00,0
2018-01-02T11:45:00+00:00,0
2018-01-02T12:00:00+00:00,0
2018-01-02T12:15:00+00:00,0
2018-01-02T12:30:00+00:00,0
2018-01-02T12:45:00+00:00,0
2018-01-02T13:00:00+00:00,0
2018-01-02T13:15:00+00:00,0
2018-01-02T13:30:00+00:00,0
2018-01-02T13:45:00+00:00,0
2018-01-02T14:00:00+00:00,0
2018-01-02T14:15:00+00:00,0
2018-01-02T14:30:00+00:00,0
2018-01-02T14:45:00+00:00,0
2018-01-02T15:00:00+00:00,0
2018-01-02T15:15:00+00:00,0
2018-01-02T15:30:00+00:00,0
2018-01-02T15:45:00+00:00,12.503202
2018-01-02T16:00:00+00:00,0
2018-01-02T16:15:00+00:00,0
2018-01-02T16:30:00+00:00,0
2018-01-02T16:45:00+00:00,0
2018-01-02T17:00:00+00:00,0
2018-01-02T17:15:00+00:00,0
2018-01-02T17:30:00+00:00,0
2018-01-02T17:45:00+00:00,0
2018-01-02T18:00:00+00:00,0
2018-01-02T18:15:00+00:00,0
2018-01-02T18:30:00+00:00,0
2018-01-02T18:45:00+00:00,0
2018-01-02T19:00:00+00:00,0
2018-01-02T19:15:00+00:00,0
2018-01-02T19:30:00+00:00,0
2018-01-02T19:45:00+00:00,0
2018-01-02T20:00:00+00:00,0
2018-01-02T20:15:00+00:00,0
2018-01-02T20:30:00+00:00,0
2018-01-02T20:45:00+00:00,0
2018-01-02T21:00:00+00:00,0
2018-01-02T21:15:00+00:00,0
2018-01-02T21:30:00+00:00,0
2018-01-02T21:45:00+00:00,0
2018-01-02T22:00:00+00:00,0
2018-01-02T22:15:00+00:00,0
2018-01-02T22:30:00+00:00,0
2018-01-02T22:45:00+00:00,0
2018-01-02T23:00:00+00:00,0
2018-01-02T23:15:00+00:00,0
2018-01-02T23:30:00+00:00,0
2018-01-02T23:45:00+00:00,0
2018-01-03T00:00:00+00:00,0
2018-01-03T00:15:00+00:00,0
2018-01-03T00:30:00+00:00,0
2018-01-03T00:45:00+00:00,0
2018-01-03T01:00:00+00:00,0
2018-01-03T01:15:00+00:00,0
2018-01-03T01:30:00+00:00,0
2018-01-03T01:45:00+00:00,0
2018-01-03T02:00:00+00:00,0
2018-01-03T02:15:00+00:00,0
2018-01-03T02:30:00+00:00,0
2018-01-03T02:45:00+00:00,0
2018-01-03T03:00:00+00:00,0
2018-01-03T03:15:00+00:00,0
2018-01-03T03:30:00+00:00,0
2018-01-03T03:45:00+00:00,0
2018-01-03T04:00:00+00:00,0
2018-01-03T04:15:00+00:00,0
2018-01-03T04:30:00+00:00,0
2018-01-03T04:45:00+00:00,0
2018-01-03T05:00:00+00:00,1.203432
2018-01-03T05:15:00+00:00,0
2018-01-03T05:30:00+00:00,0
2018-01-03T05:45:00+00:00,0
2018-01-03T06:00:00+00:00,0.080691
2018-01-03T06:15:00+00:00,9.888602
2018-01-03T06:30:00+00:00,0
2018-01-03T06:45:00+00:00,0
2018-01-03T07:00:00+00:00,0
2018-01-03T07:15:00+00:00,0
2018-01-03T07:30:00+00:00,0
2018-01-03T07:45:00+00:00,0
2018-01-03T08:00:00+00:00,56.737336
2018-01-03T08:15:00+00:00,111.748808
2018-01-03T08:30:00+00:00,82.572117
2018-01-03T08:45:00+00:00,108.179168
2018-01-03T09:00:00+00:00,102.187548
2018-01-03T09:15:00+00:00,137.786484
2018-01-03T09:30:00+00:00,77.30029
2018-01-03T09:45:00+00:00,185.286219
2018-01-03T10:00:00+00:00,56.463165
2018-01-03T10:15:00+00:00,42.407134
2018-01-03T10:30:00+00:00,34.124635
2018-01-03T10:45:00+00:00,165.334813
2018-01-03T11:00:00+00:00,256.764191
2018-01-03T11:15:00+00:00,34.898223
2018-01-03T11:30:00+00:00,52.64151
2018-01-03T11:45:00+00:00,63.703769
2018-01-03T12:00:00+00:00,196.497872
2018-01-03T12:15:00+00:00,217.301876
2018-01-03T12:30:00+00:00,41.044755
2018-01-03T12:45:00+00:00,69.474209
2018-01-03T13:00:00+00:00,240.388171
2018-01-03T13:15:00+00:00,265.96846
2018-01-03T13:30:00+00:00,242.511268
2018-01-03T13:45:00+00:00,155.667635
2018-01-03T14:00:00+00:00,159.079897
2018-01-03T14:15:00+00:00,176.040504
2018-01-03T14:30:00+00:00,158.364403
2018-01-03T14:45:00+00:00,184.820995
2018-01-03T15:00:00+00:00,111.23759
2018-01-03T15:15:00+00:00,139.104238
2018-01-03T15:30:00+00:00,32.61989
2018-01-03T15:45:00+00:00,7.900612
2018-01-03T16:00:00+00:00,36.55516
2018-01-03T16:15:00+00:00,0
2018-01-03T16:30:00+00:00,76.81884
2018-01-03T16:45:00+00:00,0
2018-01-03T17:00:00+00:00,0
2018-01-03T17:15:00+00:00,0
2018-01-03T17:30:00+00:00,0
2018-01-03T17:45:00+00:00,0
2018-01-03T18:00:00+00:00,0
2018-01-03T18:15:00+00:00,0
2018-01-03T18:30:00+00:00,56.857132
2018-01-03T18:45:00+00:00,120.785006
2018-01-03T19:00:00+00:00,55.699631
2018-01-03T19:15:00+00:00,0
2018-01-03T19:30:00+00:00,0
2018-01-03T19:45:00+00:00,0
2018-01-03T20:00:00+00:00,91.876693
2018-01-03T20:15:00+00:00,13.176014
2018-01-03T20:30:00+00:00,76.119571
2018-01-03T20:45:00+00:00,121.779429
2018-01-03T21:00:00+00:00,75.15756
2018-01-03T21:15:00+00:00,0
2018-01-03T21:30:00+00:00,0
2018-01-03T21:45:00+00:00,0
2018-01-03T22:00:00+00:00,0
2018-01-03T22:15:00+00:00,0
2018-01-03T22:30:00+00:00,0
2018-01-03T22:45:00+00:00,0
2018-01-03T23:00:00+00:00,0
2018-01-03T23:15:00+00:00,0
2018-01-03T23:30:00+00:00,0
2018-01-03T23:45:00+00:00,0
2018-01-04T00:00:00+00:00,0
2018-01-04T00:15:00+00:00,0
2018-01-04T00:30:00+00:00,0
2018-01-04T00:45:00+00:00,0
2018-01-04T01:00:00+00:00,0
2018-01-04T01:15:00+00:00,0.490008
2018-01-04T01:30:00+00:00,0.284069
2018-01-04T01:45:00+00:00,0.07556
2018-01-04T02:00:00+00:00,0.335922
2018-01-04T02:15:00+00:00,0.451657
2018-01-04T02:30:00+00:00,0.262198
2018-01-04T02:45:00+00:00,0.092938
2018-01-04T03:00:00+00:00,0.00987
2018-01-04T03:15:00+00:00,0.151533
2018-01-04T03:30:00+00:00,0.13988
2018-01-04T03:45:00+00:00,0
2018-01-04T04:00:00+00:00,0
2018-01-04T04:15:00+00:00,0
2018-01-04T04:30:00+00:00,0
2018-01-04T04:45:00+00:00,0
2018-01-04T05:00:00+00:00,0
2018-01-04T05:15:00+00:00,0
2018-01-04T05:30:00+00:00,2.463889
2018-01-04T05:45:00+00:00,4.176577
2018-01-04T06:00:00+00:00,1.416105
2018-01-04T06:15:00+00:00,0
2018-01-04T06:30:00+00:00,0
2018-01-04T06:45:00+00:00,0
2018-01-04T07:00:00+00:00,0
2018-01-04T07:15:00+00:00,0
2018-01-04T07:30:00+00:00,0
2018-01-04T07:45:00+00:00,0
2018-01-04T08:00:00+00:00,15.692734
2018-01-04T08:15:00+00:00,17.333505
2018-01-04T08:30:00+00:00,64.509318
2018-01-04T08:45:00+00:00,43.622322
2018-01-04T09:00:00+00:00,5.55903
2018-01-04T09:15:00+00:00,56.696518
2018-01-04T09:30:00+00:00,0
2018-01-04T09:45:00+00:00,0
2018-01-04T10:00:00+00:00,0
2018-01-04T10:15:00+00:00,0
2018-01-04T10:30:00+00:00,0
2018-01-04T10:45:00+00:00,0
2018-01-04T11:00:00+00:00,0
2018-01-04T11:15:00+00:00,0
2018-01-04T11:30:00+00:00,50.918461
2018-01-04T11:45:00+00:00,168.530962
2018-01-04T12:00:00+00:00,215.619192
2018-01-04T12:15:00+00:00,240.928498
2018-01-04T12:30:00+00:00,71.457622
2018-01-04T12:45:00+00:00,66.9893
2018-01-04T13:00:00+00:00,0
2018-01-04T13:15:00+00:00,0
2018-01-04T13:30:00+00:00,0
2018-01-04T13:45:00+00:00,19.045585
2018-01-04T14:00:00+00:00,0
2018-01-04T14:15:00+00:00,127.495934
2018-01-04T14:30:00+00:00,0
2018-01-04T14:45:00+00:00,0
2018-01-04T15:00:00+00:00,0
2018-01-04T15:15:00+00:00,0
2018-01-04T15:30:00+00:00,0
2018-01-04T15:45:00+00:00,0
2018-01-04T16:00:00+00:00,0
2018-01-04T16:15:00+00:00,0
2018-01-04T16:30:00+00:00,0
2018-01-04T16:45:00+00:00,16.349334
2018-01-04T17:00:00+00:00,0
2018-01-04T17:15:00+00:00,0
2018-01-04T17:30:00+00:00,0
2018-01-04T17:45:00+00:00,103.194649
2018-01-04T18:00:00+00:00,79.123146
2018-01-04T18:15:00+00:00,205.104954
2018-01-04T18:30:00+00:00,0
2018-01-04T18:45:00+00:00,0
2018-01-04T19:00:00+00:00,0
2018-01-04T19:15:00+00:00,0
2018-01-04T19:30:00+00:00,0
2018-01-04T19:45:00+00:00,0
2018-01-04T20:00:00+00:00,0
2018-01-04T20:15:00+00:00,0
2018-01-04T20:30:00+00:00,0
2018-01-04T20:45:00+00:00,0
2018-01-04T21:00:00+00:00,0
2018-01-04T21:15:00+00:00,47.156914
2018-01-04T21:30:00+00:00,0
2018-01-04T21:45:00+00:00,0
2018-01-04T22:00:00+00:00,0
2018-01-04T22:15:00+00:00,34.173088
2018-01-04T22:30:00+00:00,15.897617
2018-01-04T22:45:00+00:00,0
2018-01-04T23:00:00+00:00,0
2018-01-04T23:15:00+00:00,0
2018-01-04T23:30:00+00:00,0
2018-01-04T23:45:00+00:00,0
2018-01-05T00:00:00+00:00,0
2018-01-05T00:15:00+00:00,0
2018-01-05T00:30:00+00:00,0
2018-01-05T00:45:00+00:00,0
2018-01-05T01:00:00+00:00,0
2018-01-05T01:15:00+00:00,0.730503
2018-01-05T01:30:00+00:00,1.142538
2018-01-05T01:45:00+00:00,0.780808
2018-01-05T02:00:00+00:00,0
2018-01-05T02:15:00+00:00,0
2018-01-05T02:30:00+00:00,0
2018-01-05T02:45:00+00:00,0
2018-01-05T03:00:00+00:00,0
2018-01-05T03:15:00+00:00,0.117658
2018-01-05T03:30:00+00:00,0
2018-01-05T03:45:00+00:00,0
2018-01-05T04:00:00+00:00,0
2018-01-05T04:15:00+00:00,0
2018-01-05T04:30:00+00:00,0
2018-01-05T04:45:00+00:00,0
2018-01-05T05:00:00+00:00,0
2018-01-05T05:15:00+00:00,0
2018-01-05T05:30:00+00:00,0
2018-01-05T05:45:00+00:00,0
2018-01-05T06:00:00+00:00,0
2018-01-05T06:15:00+00:00,11.172767
2018-01-05T06:30:00+00:00,46.992087
2018-01-05T06:45:00+00:00,41.894712
2018-01-05T07:00:00+00:00,83.910624
2018-01-05T07:15:00+00:00,354.195278
2018-01-05T07:30:00+00:00,273.122465
2018-01-05T07:45:00+00:00,193.059583
2018-01-05T08:00:00+00:00,132.410461
2018-01-05T08:15:00+00:00,100.251701
2018-01-05T08:30:00+00:00,182.189141
2018-01-05T08:45:00+00:00,12.985027
2018-01-05T09:00:00+00:00,38.663497
2018-01-05T09:15:00+00:00,0
2018-01-05T09:30:00+00:00,76.772015
2018-01-05T09:45:00+00:00,164.230915
2018-01-05T10:00:00+00:00,100.954056
2018-01-05T10:15:00+00:00,160.779258
2018-01-05T10:30:00+00:00,184.019463
2018-01-05T10:45:00+00:00,150.4524
2018-01-05T11:00:00+00:00,0
2018-01-05T11:15:00+00:00,0
2018-01-05T11:30:00+00:00,41.545568
2018-01-05T11:45:00+00:00,150.811539
2018-01-05T12:00:00+00:00,109.943421
2018-01-05T12:15:00+00:00,125.856527
2018-01-05T12:30:00+00:00,130.785787
2018-01-05T12:45:00+00:00,179.893059
2018-01-05T13:00:00+00:00,0
2018-01-05T13:15:00+00:00,143.349953
2018-01-05T13:30:00+00:00,182.871136
2018-01-05T13:45:00+00:00,64.323982
2018-01-05T14:00:00+00:00,0
2018-01-05T14:15:00+00:00,0
2018-01-05T14:30:00+00:00,0
2018-01-05T14:45:00+00:00,0
2018-01-05T15:00:00+00:00,0
2018-01-05T15:15:00+00:00,0
2018-01-05T15:30:00+00:00,0
2018-01-05T15:45:00+00:00,0
2018-01-05T16:00:00+00:00,42.000774
2018-01-05T16:15:00+00:00,0
2018-01-05T16:30:00+00:00,0
2018-01-05T16:45:00+00:00,0
2018-01-05T17:00:00+00:00,92.164574
2018-01-05T17:15:00+00:00,0
2018-01-05T17:30:00+00:00,0
2018-01-05T17:45:00+00:00,21.154145
2018-01-05T18:00:00+00:00,0
2018-01-05T18:15:00+00:00,0
2018-01-05T18:30:00+00:00,0
2018-01-05T18:45:00+00:00,157.542984
2018-01-05T19:00:00+00:00,19.66507
2018-01-05T19:15:00+00:00,57.717807
2018-01-05T19:30:00+00:00,0
2018-01-05T19:45:00+00:00,0
2018-01-05T20:00:00+00:00,0
2018-01-05T20:15:00+00:00,0
2018-01-05T20:30:00+00:00,36.835652
2018-01-05T20:45:00+00:00,0
2018-01-05T21:00:00+00:00,0
2018-01-05T21:15:00+00:00,147.568797
2018-01-05T21:30:00+00:00,145.653166
2018-01-05T21:45:00+00:00,66.603848
2018-01-05T22:00:00+00:00,193.85045
2018-01-05T22:15:00+00:00,200.736256
2018-01-05T22:30:00+00:00,173.933935
2018-01-05T22:45:00+00:00,42.8566
2018-01-05T23:00:00+00:00,25.315236
2018-01-05T23:15:00+00:00,0.476838
2018-01-05T23:30:00+00:00,0
2018-01-05T23:45:00+00:00,0
2018-01-06T00:00:00+00:00,0
2018-01-06T00:15:00+00:00,0
2018-01-06T00:30:00+00:00,0
2018-01-06T00:45:00+00:00,0
2018-01-06T01:00:00+00:00,0
2018-01-06T01:15:00+00:00,0
2018-01-06T01:30:00+00:00,0.400535
2018-01-06T01:45:00+00:00,0.528291
2018-01-06T02:00:00+00:00,0.347273
2018-01-06T02:15:00+00:00,0
2018-01-06T02:30:00+00:00,0
2018-01-06T02:45:00+00:00,0
2018-01-06T03:00:00+00:00,0
2018-01-06T03:15:00+00:00,0
2018-01-06T03:30:00+00:00,0
2018-01-06T03:45:00+00:00,0.277174
2018-01-06T04:00:00+00:00,0.504078
2018-01-06T04:15:00+00:00,0.427816
2018-01-06T04:30:00+00:00,0.045367
2018-01-06T04:45:00+00:00,0
2018-01-06T05:00:00+00:00,0
2018-01-06T05:15:00+00:00,0
2018-01-06T05:30:00+00:00,0
2018-01-06T05:45:00+00:00,0
2018-01-06T06:00:00+00:00,0
2018-01-06T06:15:00+00:00,0
2018-01-06T06:30:00+00:00,0
2018-01-06T06:45:00+00:00,0
2018-01-06T07:00:00+00:00,0
2018-01-06T07:15:00+00:00,0
2018-01-06T07:30:00+00:00,0
2018-01-06T07:45:00+00:00,0
2018-01-06T08:00:00+00:00,0
2018-01-06T08:15:00+00:00,0
2018-01-06T08:30:00+00:00,0
2018-01-06T08:45:00+00:00,0
2018-01-06T09:00:00+00:00,0
2018-01-06T09:15:00+00:00,0
2018-01-06T09:30:00+00:00,0
2018-01-06T09:45:00+00:00,0
2018-01-06T10:00:00+00:00,0
2018-01-06T10:15:00+00:00,0
2018-01-06T10:30:00+00:00,0
2018-01-06T10:45:00+00:00,0
2018-01-06T11:00:00+00:00,0
2018-01-06T11:15:00+00:00,0
2018-01-06T11:30:00+00:00,0
2018-01-06T11:45:00+00:00,0
2018-01-06T12:00:00+00:00,0
2018-01-06T12:15:00+00:00,0
2018-01-06T12:30:00+00:00,0
2018-01-06T12:45:00+00:00,0
2018-01-06T13:00:00+00:00,0
2018-01-06T13:15:00+00:00,0
2018-01-06T13:30:00+00:00,0
2018-01-06T13:45:00+00:00,0
2018-01-06T14:00:00+00:00,0
2018-01-06T14:15:00+00:00,0
2018-01-06T14:30:00+00:00,0
2018-01-06T14:45:00+00:00,0
2018-01-06T15:00:00+00:00,0
2018-01-06T15:15:00+00:00,0
2018-01-06T15:30:00+00:00,0
2018-01-06T15:45:00+00:00,0
2018-01-06T16:00:00+00:00,0
2018-01-06T16:15:00+00:00,0
2018-01-06T16:30:00+00:00,0
2018-01-06T16:45:00+00:00,0
2018-01-06T17:00:00+00:00,0
2018-01-06T17:15:00+00:00,0
2018-01-06T17:30:00+00:00,0
2018-01-06T17:45:00+00:00,0
2018-01-06T18:00:00+00:00,0
2018-01-06T18:15:00+00:00,0
2018-01-06T18:30:00+00:00,0
2018-01-06T18:45:00+00:00,0
2018-01-06T19:00:00+00:00,0
2018-01-06T19:15:00+00:00,0
2018-01-06T19:30:00+00:00,0
2018-01-06T19:45:00+00:00,0
2018-01-06T20:00:00+00:00,0
2018-01-06T20:15:00+00:00,0
2018-01-06T20:30:00+00:00,0
2018-01-06T20:45:00+00:00,0
2018-01-06T21:00:00+00:00,0
2018-01-06T21:15:00+00:00,0
2018-01-06T21:30:00+00:00,0
2018-01-06T21:45:00+00:00,0
2018-01-06T22:00:00+00:00,0
2018-01-06T22:15:00+00:00,0
2018-01-06T22:30:00+00:00,0
2018-01-06T22:45:00+00:00,0
2018-01-06T23:00:00+00:00,0.11416
2018-01-06T23:15:00+00:00,0.021514
2018-01-06T23:30:00+00:00,0
2018-01-06T23:45:00+00:00,0
2018-01-07T00:00:00+00:00,0
2018-01-07T00:15:00+00:00,0
2018-01-07T00:30:00+00:00,0
2018-01-07T00:45:00+00:00,0
2018-01-07T01:00:00+00:00,0
2018-01-07T01:15:00+00:00,0
2018-01-07T01:30:00+00:00,0
2018-01-07T01:45:00+00:00,0
2018-01-07T02:00:00+00:00,0
2018-01-07T02:15:00+00:00,0
2018-01-07T02:30:00+00:00,0
2018-01-07T02:45:00+00:00,0
2018-01-07T03:00:00+00:00,0
2018-01-07T03:15:00+00:00,0
2018-01-07T03:30:00+00:00,0
2018-01-07T03:45:00+00:00,0
2018-01-07T04:00:00+00:00,0
2018-01-07T04:15:00+00:00,0
2018-01-07T04:30:00+00:00,0
2018-01-07T04:45:00+00:00,0
2018-01-07T05:00:00+00:00,0
2018-01-07T05:15:00+00:00,0
2018-01-07T05:30:00+00:00,0
2018-01-07T05:45:00+00:00,0
2018-01-07T06:00:00+00:00,0
2018-01-07T06:15:00+00:00,0
2018-01-07T06:30:00+00:00,0
2018-01-07T06:45:00+00:00,0
2018-01-07T07:00:00+00:00,0
2018-01-07T07:15:00+00:00,0
2018-01-07T07:30:00+00:00,0
2018-01-07T07:45:00+00:00,0
2018-01-07T08:00:00+00:00,0
2018-01-07T08:15:00+00:00,0
2018-01-07T08:30:00+00:00,0
2018-01-07T08:45:00+00:00,0
2018-01-07T09:00:00+00:00,0
2018-01-07T09:15:00+00:00,0
2018-01-07T09:30:00+00:00,0
2018-01-07T09:45:00+00:00,0
2018-01-07T10:00:00+00:00,0
2018-01-07T10:15:00+00:00,0
2018-01-07T10:30:00+00:00,0
2018-01-07T10:45:00+00:00,0
2018-01-07T11:00:00+00:00,0
2018-01-07T11:15:00+00:00,0
2018-01-07T11:30:00+00:00,0
2018-01-07T11:45:00+00:00,0
2018-01-07T12:00:00+00:00,0
2018-01-07T12:15:00+00:00,0
2018-01-07T12:30:00+00:00,0
2018-01-07T12:45:00+00:00,0
2018-01-07T13:00:00+00:00,0
2018-01-07T13:15:00+00:00,0
2018-01-07T13:30:00+00:00,0
2018-01-07T13:45:00+00:00,0
2018-01-07T14:00:00+00:00,0
2018-01-07T14:15:00+00:00,0
2018-01-07T14:30:00+00:00,0
2018-01-07T14:45:00+00:00,0
2018-01-07T15:00:00+00:00,0
2018-01-07T15:15:00+00:00,0
2018-01-07T15:30:00+00:00,0
2018-01-07T15:45:00+00:00,0
2018-01-07T16:00:00+00:00,0
2018-01-07T16:15:00+00:00,0
2018-01-07T16:30:00+00:00,0
2018-01-07T16:45:00+00:00,0
2018-01-07T17:00:00+00:00,0
2018-01-07T17:15:00+00:00,0
2018-01-07T17:30:00+00:00,0
2018-01-07T17:45:00+00:00,0
2018-01-07T18:00:00+00:00,0
2018-01-07T18:15:00+00:00,0
2018-01-07T18:30:00+00:00,0
2018-01-07T18:45:00+00:00,0
2018-01-07T19:00:00+00:00,0
2018-01-07T19:15:00+00:00,0
2018-01-07T19:30:00+00:00,0
2018-01-07T19:45:00+00:00,0
2018-01-07T20:00:00+00:00,0
2018-01-07T20:15:00+00:00,0
2018-01-07T20:30:00+00:00,0
2018-01-07T20:45:00+00:00,0
2018-01-07T21:00:00+00:00,0
2018-01-07T21:15:00+00:00,0
2018-01-07T21:30:00+00:00,0
2018-01-07T21:45:00+00:00,0
2018-01-07T22:00:00+00:00,0
2018-01-07T22:15:00+00:00,0
2018-01-07T22:30:00+00:00,0
2018-01-07T22:45:00+00:00,0
2018-01-07T23:00:00+00:00,0
2018-01-07T23:15:00+00:00,0
2018-01-07T23:30:00+00:00,0
2018-01-07T23:45:00+00:00,0
2018-01-08T00:00:00+00:00,1.984403019
2018-01-08T00:15:00+00:00,2.554413608
2018-01-08T00:30:00+00:00,2.7266085
2018-01-08T00:45:00+00:00,2.681585674
2018-01-08T01:00:00+00:00,2.66825382
2018-01-08T01:15:00+00:00,2.959540719
2018-01-08T01:30:00+00:00,3.806005421
2018-01-08T01:45:00+00:00,3.650987376
2018-01-08T02:00:00+00:00,3.275944376
2018-01-08T02:15:00+00:00,2.283903376
2018-01-08T02:30:00+00:00,14.29911438
2018-01-08T02:45:00+00:00,2.217550376
2018-01-08T03:00:00+00:00,2.459407376
2018-01-08T03:15:00+00:00,2.490441376
2018-01-08T03:30:00+00:00,2.621758376
2018-01-08T03:45:00+00:00,3.049918376
2018-01-08T04:00:00+00:00,0
2018-01-08T04:15:00+00:00,0
2018-01-08T04:30:00+00:00,0
2018-01-08T04:45:00+00:00,0
2018-01-08T05:00:00+00:00,0
2018-01-08T05:15:00+00:00,0
2018-01-08T05:30:00+00:00,0
2018-01-08T05:45:00+00:00,0
2018-01-08T06:00:00+00:00,0
2018-01-08T06:15:00+00:00,0
2018-01-08T06:30:00+00:00,0
2018-01-08T06:45:00+00:00,0
2018-01-08T07:00:00+00:00,0
2018-01-08T07:15:00+00:00,0
2018-01-08T07:30:00+00:00,0
2018-01-08T07:45:00+00:00,0
2018-01-08T08:00:00+00:00,0
2018-01-08T08:15:00+00:00,0
2018-01-08T08:30:00+00:00,0
2018-01-08T08:45:00+00:00,0
2018-01-08T09:00:00+00:00,0
2018-01-08T09:15:00+00:00,0
2018-01-08T09:30:00+00:00,0
2018-01-08T09:45:00+00:00,0
2018-01-08T10:00:00+00:00,0
2018-01-08T10:15:00+00:00,0
2018-01-08T10:30:00+00:00,0
2018-01-08T10:45:00+00:00,0
2018-01-08T11:00:00+00:00,0
2018-01-08T11:15:00+00:00,0
2018-01-08T11:30:00+00:00,0
2018-01-08T11:45:00+00:00,0
2018-01-08T12:00:00+00:00,0
2018-01-08T12:15:00+00:00,0
2018-01-08T12:30:00+00:00,0
2018-01-08T12:45:00+00:00,0
2018-01-08T13:00:00+00:00,0
2018-01-08T13:15:00+00:00,0
2018-01-08T13:30:00+00:00,0
2018-01-08T13:45:00+00:00,0
2018-01-08T14:00:00+00:00,0
2018-01-08T14:15:00+00:00,0
2018-01-08T14:30:00+00:00,0
2018-01-08T14:45:00+00:00,0
2018-01-08T15:00:00+00:00,0
2018-01-08T15:15:00+00:00,0
2018-01-08T15:30:00+00:00,0
2018-01-08T15:45:00+00:00,0
2018-01-08T16:00:00+00:00,0
2018-01-08T16:15:00+00:00,0
2018-01-08T16:30:00+00:00,0
2018-01-08T16:45:00+00:00,0
2018-01-08T17:00:00+00:00,0
2018-01-08T17:15:00+00:00,0
2018-01-08T17:30:00+00:00,0
2018-01-08T17:45:00+00:00,0
2018-01-08T18:00:00+00:00,0
2018-01-08T18:15:00+00:00,0
2018-01-08T18:30:00+00:00,0
2018-01-08T18:45:00+00:00,0
2018-01-08T19:00:00+00:00,0
2018-01-08T19:15:00+00:00,0
2018-01-08T19:30:00+00:00,0
2018-01-08T19:45:00+00:00,0
2018-01-08T20:00:00+00:00,0
2018-01-08T20:15:00+00:00,0
2018-01-08T20:30:00+00:00,0
2018-01-08T20:45:00+00:00,0
2018-01-08T21:00:00+00:00,0
2018-01-08T21:15:00+00:00,0
2018-01-08T21:30:00+00:00,0
2018-01-08T21:45:00+00:00,0
2018-01-08T22:00:00+00:00,0
2018-01-08T22:15:00+00:00,0
2018-01-08T22:30:00+00:00,0
2018-01-08T22:45:00+00:00,0
2018-01-08T23:00:00+00:00,0
2018-01-08T23:15:00+00:00,0
2018-01-08T23:30:00+00:00,0
2018-01-08T23:45:00+00:00,0
2018-01-09T00:00:00+00:00,0
2018-01-09T00:15:00+00:00,0
2018-01-09T00:30:00+00:00,0
2018-01-09T00:45:00+00:00,0
2018-01-09T01:00:00+00:00,0
2018-01-09T01:15:00+00:00,0
2018-01-09T01:30:00+00:00,0
2018-01-09T01:45:00+00:00,0
2018-01-09T02:00:00+00:00,0
2018-01-09T02:15:00+00:00,0
2018-01-09T02:30:00+00:00,0
2018-01-09T02:45:00+00:00,0
2018-01-09T03:00:00+00:00,0
2018-01-09T03:15:00+00:00,0
2018-01-09T03:30:00+00:00,0
2018-01-09T03:45:00+00:00,0
2018-01-09T04:00:00+00:00,0
2018-01-09T04:15:00+00:00,0
2018-01-09T04:30:00+00:00,0
2018-01-09T04:45:00+00:00,0
2018-01-09T05:00:00+00:00,0
2018-01-09T05:15:00+00:00,0
2018-01-09T05:30:00+00:00,0
2018-01-09T05:45:00+00:00,0
2018-01-09T06:00:00+00:00,0
2018-01-09T06:15:00+00:00,0
2018-01-09T06:30:00+00:00,0
2018-01-09T06:45:00+00:00,0
2018-01-09T07:00:00+00:00,0
2018-01-09T07:15:00+00:00,0
2018-01-09T07:30:00+00:00,0
2018-01-09T07:45:00+00:00,0
2018-01-09T08:00:00+00:00,0
2018-01-09T08:15:00+00:00,0
2018-01-09T08:30:00+00:00,0
2018-01-09T08:45:00+00:00,0
2018-01-09T09:00:00+00:00,0
2018-01-09T09:15:00+00:00,0
2018-01-09T09:30:00+00:00,0
2018-01-09T09:45:00+00:00,0
2018-01-09T10:00:00+00:00,0
2018-01-09T10:15:00+00:00,0
2018-01-09T10:30:00+00:00,0
2018-01-09T10:45:00+00:00,0
2018-01-09T11:00:00+00:00,0
2018-01-09T11:15:00+00:00,0
2018-01-09T11:30:00+00:00,0
2018-01-09T11:45:00+00:00,0
2018-01-09T12:00:00+00:00,0
2018-01-09T12:15:00+00:00,0
2018-01-09T12:30:00+00:00,0
2018-01-09T12:45:00+00:00,0
2018-01-09T13:00:00+00:00,0
2018-01-09T13:15:00+00:00,0
2018-01-09T13:30:00+00:00,0
2018-01-09T13:45:00+00:00,0
2018-01-09T14:00:00+00:00,0
2018-01-09T14:15:00+00:00,0
2018-01-09T14:30:00+00:00,0
2018-01-09T14:45:00+00:00,0
2018-01-09T15:00:00+00:00,0
2018-01-09T15:15:00+00:00,0
2018-01-09T15:30:00+00:00,0
2018-01-09T15:45:00+00:00,12.33683124
2018-01-09T16:00:00+00:00,0
2018-01-09T16:15:00+00:00,0
2018-01-09T16:30:00+00:00,0
2018-01-09T16:45:00+00:00,0
2018-01-09T17:00:00+00:00,0
2018-01-09T17:15:00+00:00,0
2018-01-09T17:30:00+00:00,0
2018-01-09T17:45:00+00:00,0
2018-01-09T18:00:00+00:00,0
2018-01-09T18:15:00+00:00,0
2018-01-09T18:30:00+00:00,0
2018-01-09T18:45:00+00:00,0
2018-01-09T19:00:00+00:00,0
2018-01-09T19:15:00+00:00,0
2018-01-09T19:30:00+00:00,0
2018-01-09T19:45:00+00:00,0
2018-01-09T20:00:00+00:00,0
2018-01-09T20:15:00+00:00,0
2018-01-09T20:30:00+00:00,0
2018-01-09T20:45:00+00:00,0
2018-01-09T21:00:00+00:00,0
2018-01-09T21:15:00+00:00,0
2018-01-09T21:30:00+00:00,0
2018-01-09T21:45:00+00:00,0
2018-01-09T22:00:00+00:00,0
2018-01-09T22:15:00+00:00,0
2018-01-09T22:30:00+00:00,0
2018-01-09T22:45:00+00:00,0
2018-01-09T23:00:00+00:00,0
2018-01-09T23:15:00+00:00,0
2018-01-09T23:30:00+00:00,0
2018-01-09T23:45:00+00:00,0
2018-01-10T00:00:00+00:00,0
2018-01-10T00:15:00+00:00,0
2018-01-10T00:30:00+00:00,0
2018-01-10T00:45:00+00:00,0
2018-01-10T01:00:00+00:00,0
2018-01-10T01:15:00+00:00,0
2018-01-10T01:30:00+00:00,0
2018-01-10T01:45:00+00:00,0
2018-01-10T02:00:00+00:00,0
2018-01-10T02:15:00+00:00,0
2018-01-10T02:30:00+00:00,0
2018-01-10T02:45:00+00:00,0
2018-01-10T03:00:00+00:00,0
2018-01-10T03:15:00+00:00,0
2018-01-10T03:30:00+00:00,0
2018-01-10T03:45:00+00:00,0
2018-01-10T04:00:00+00:00,0
2018-01-10T04:15:00+00:00,0
2018-01-10T04:30:00+00:00,0
2018-01-10T04:45:00+00:00,0
2018-01-10T05:00:00+00:00,1.037061236
2018-01-10T05:15:00+00:00,0
2018-01-10T05:30:00+00:00,0
2018-01-10T05:45:00+00:00,0
2018-01-10T06:00:00+00:00,0.067743377
2018-01-10T06:15:00+00:00,9.681451019
2018-01-10T06:30:00+00:00,0
2018-01-10T06:45:00+00:00,0
2018-01-10T07:00:00+00:00,0
2018-01-10T07:15:00+00:00,0
2018-01-10T07:30:00+00:00,0
2018-01-10T07:45:00+00:00,0
2018-01-10T08:00:00+00:00,56.59382232
2018-01-10T08:15:00+00:00,111.5457246
2018-01-10T08:30:00+00:00,82.35928871
2018-01-10T08:45:00+00:00,107.9649835
2018-01-10T09:00:00+00:00,101.9731792
2018-01-10T09:15:00+00:00,137.5720903
2018-01-10T09:30:00+00:00,77.08589288
2018-01-10T09:45:00+00:00,185.0718215
2018-01-10T10:00:00+00:00,56.24876739
2018-01-10T10:15:00+00:00,42.19273638
2018-01-10T10:30:00+00:00,33.91023738
2018-01-10T10:45:00+00:00,165.1204154
2018-01-10T11:00:00+00:00,256.5497934
2018-01-10T11:15:00+00:00,34.68382538
2018-01-10T11:30:00+00:00,52.42711238
2018-01-10T11:45:00+00:00,63.48937138
2018-01-10T12:00:00+00:00,196.2834744
2018-01-10T12:15:00+00:00,217.0874784
2018-01-10T12:30:00+00:00,40.83035738
2018-01-10T12:45:00+00:00,69.25981138
2018-01-10T13:00:00+00:00,240.1737734
2018-01-10T13:15:00+00:00,265.7540624
2018-01-10T13:30:00+00:00,242.2968704
2018-01-10T13:45:00+00:00,155.4532374
2018-01-10T14:00:00+00:00,158.8654994
2018-01-10T14:15:00+00:00,175.8261064
2018-01-10T14:30:00+00:00,158.1500054
2018-01-10T14:45:00+00:00,184.6065974
2018-01-10T15:00:00+00:00,111.0231924
2018-01-10T15:15:00+00:00,138.8898404
2018-01-10T15:30:00+00:00,32.40549238
2018-01-10T15:45:00+00:00,7.686214376
2018-01-10T16:00:00+00:00,36.34076238
2018-01-10T16:15:00+00:00,0
2018-01-10T16:30:00+00:00,76.700905
2018-01-10T16:45:00+00:00,0
2018-01-10T17:00:00+00:00,0
2018-01-10T17:15:00+00:00,0
2018-01-10T17:30:00+00:00,0
2018-01-10T17:45:00+00:00,0
2018-01-10T18:00:00+00:00,0
2018-01-10T18:15:00+00:00,0
2018-01-10T18:30:00+00:00,56.69076124
2018-01-10T18:45:00+00:00,120.577855
2018-01-10T19:00:00+00:00,55.48622961
2018-01-10T19:15:00+00:00,0
2018-01-10T19:30:00+00:00,0
2018-01-10T19:45:00+00:00,0
2018-01-10T20:00:00+00:00,91.84626329
2018-01-10T20:15:00+00:00,13.00275637
2018-01-10T20:30:00+00:00,75.91128024
2018-01-10T20:45:00+00:00,121.5658688
2018-01-10T21:00:00+00:00,74.94327592
2018-01-10T21:15:00+00:00,0
2018-01-10T21:30:00+00:00,0
2018-01-10T21:45:00+00:00,0
2018-01-10T22:00:00+00:00,0
2018-01-10T22:15:00+00:00,0
2018-01-10T22:30:00+00:00,0
2018-01-10T22:45:00+00:00,0
2018-01-10T23:00:00+00:00,0
2018-01-10T23:15:00+00:00,0
2018-01-10T23:30:00+00:00,0
2018-01-10T23:45:00+00:00,0
2018-01-11T00:00:00+00:00,0
2018-01-11T00:15:00+00:00,0
2018-01-11T00:30:00+00:00,0
2018-01-11T00:45:00+00:00,0
2018-01-11T01:00:00+00:00,0
2018-01-11T01:15:00+00:00,0.323637236
2018-01-11T01:30:00+00:00,0.095230533
2018-01-11T01:45:00+00:00,0.184836325
2018-01-11T02:00:00+00:00,0.257124168
2018-01-11T02:15:00+00:00,0.285286236
2018-01-11T02:30:00+00:00,0.080097242
2018-01-11T02:45:00+00:00,0.233412841
2018-01-11T03:00:00+00:00,0
2018-01-11T03:15:00+00:00,0.052365355
2018-01-11T03:30:00+00:00,0
2018-01-11T03:45:00+00:00,0
2018-01-11T04:00:00+00:00,0
2018-01-11T04:15:00+00:00,0
2018-01-11T04:30:00+00:00,0
2018-01-11T04:45:00+00:00,0
2018-01-11T05:00:00+00:00,0
2018-01-11T05:15:00+00:00,0
2018-01-11T05:30:00+00:00,2.445833032
2018-01-11T05:45:00+00:00,4.008101491
2018-01-11T06:00:00+00:00,1.208601726
2018-01-11T06:15:00+00:00,0
2018-01-11T06:30:00+00:00,0
2018-01-11T06:45:00+00:00,0
2018-01-11T07:00:00+00:00,0
2018-01-11T07:15:00+00:00,0
2018-01-11T07:30:00+00:00,0
2018-01-11T07:45:00+00:00,0
2018-01-11T08:00:00+00:00,15.66222697
2018-01-11T08:15:00+00:00,17.1602188
2018-01-11T08:30:00+00:00,64.30102261
2018-01-11T08:45:00+00:00,43.40876118
2018-01-11T09:00:00+00:00,5.344745833
2018-01-11T09:15:00+00:00,56.48213574
2018-01-11T09:30:00+00:00,0
2018-01-11T09:45:00+00:00,0
2018-01-11T10:00:00+00:00,0
2018-01-11T10:15:00+00:00,0
2018-01-11T10:30:00+00:00,0
2018-01-11T10:45:00+00:00,0
2018-01-11T11:00:00+00:00,0
2018-01-11T11:15:00+00:00,0
2018-01-11T11:30:00+00:00,50.75209024
2018-01-11T11:45:00+00:00,168.323811
2018-01-11T12:00:00+00:00,215.4057906
2018-01-11T12:15:00+00:00,240.7142355
2018-01-11T12:30:00+00:00,71.24324267
2018-01-11T12:45:00+00:00,66.77490482
2018-01-11T13:00:00+00:00,0
2018-01-11T13:15:00+00:00,0
2018-01-11T13:30:00+00:00,0
2018-01-11T13:45:00+00:00,18.87921424
2018-01-11T14:00:00+00:00,0
2018-01-11T14:15:00+00:00,127.3295632
2018-01-11T14:30:00+00:00,0
2018-01-11T14:45:00+00:00,0
2018-01-11T15:00:00+00:00,0
2018-01-11T15:15:00+00:00,0
2018-01-11T15:30:00+00:00,0
2018-01-11T15:45:00+00:00,0
2018-01-11T16:00:00+00:00,0
2018-01-11T16:15:00+00:00,0
2018-01-11T16:30:00+00:00,0
2018-01-11T16:45:00+00:00,16.18296324
2018-01-11T17:00:00+00:00,0
2018-01-11T17:15:00+00:00,0
2018-01-11T17:30:00+00:00,0
2018-01-11T17:45:00+00:00,103.1072878
2018-01-11T18:00:00+00:00,78.93238501
2018-01-11T18:15:00+00:00,204.8939262
2018-01-11T18:30:00+00:00,0
2018-01-11T18:45:00+00:00,0
2018-01-11T19:00:00+00:00,0
2018-01-11T19:15:00+00:00,0
2018-01-11T19:30:00+00:00,0
2018-01-11T19:45:00+00:00,0
2018-01-11T20:00:00+00:00,0
2018-01-11T20:15:00+00:00,0
2018-01-11T20:30:00+00:00,0
2018-01-11T20:45:00+00:00,0
2018-01-11T21:00:00+00:00,0
2018-01-11T21:15:00+00:00,46.99054324
2018-01-11T21:30:00+00:00,0
2018-01-11T21:45:00+00:00,0
2018-01-11T22:00:00+00:00,0
2018-01-11T22:15:00+00:00,34.00671724
2018-01-11T22:30:00+00:00,15.69046602
2018-01-11T22:45:00+00:00,0
2018-01-11T23:00:00+00:00,0
2018-01-11T23:15:00+00:00,0
2018-01-11T23:30:00+00:00,0
2018-01-11T23:45:00+00:00,0
2018-01-12T00:00:00+00:00,0
2018-01-12T00:15:00+00:00,0
2018-01-12T00:30:00+00:00,0
2018-01-12T00:45:00+00:00,0
2018-01-12T01:00:00+00:00,0
2018-01-12T01:15:00+00:00,0.564132236
2018-01-12T01:30:00+00:00,0.935387019
2018-01-12T01:45:00+00:00,0.567406608
2018-01-12T02:00:00+00:00,0
2018-01-12T02:15:00+00:00,0
2018-01-12T02:30:00+00:00,0
2018-01-12T02:45:00+00:00,0
2018-01-12T03:00:00+00:00,0
2018-01-12T03:15:00+00:00,0.066900465
2018-01-12T03:30:00+00:00,0
2018-01-12T03:45:00+00:00,0
2018-01-12T04:00:00+00:00,0
2018-01-12T04:15:00+00:00,0
2018-01-12T04:30:00+00:00,0
2018-01-12T04:45:00+00:00,0
2018-01-12T05:00:00+00:00,0
2018-01-12T05:15:00+00:00,0
2018-01-12T05:30:00+00:00,0
2018-01-12T05:45:00+00:00,0
2018-01-12T06:00:00+00:00,0
2018-01-12T06:15:00+00:00,11.12871841
2018-01-12T06:30:00+00:00,46.81402879
2018-01-12T06:45:00+00:00,41.68564838
2018-01-12T07:00:00+00:00,83.69695662
2018-01-12T07:15:00+00:00,353.9809794
2018-01-12T07:30:00+00:00,272.9080808
2018-01-12T07:45:00+00:00,192.8451872
2018-01-12T08:00:00+00:00,132.1960636
2018-01-12T08:15:00+00:00,100.0373034
2018-01-12T08:30:00+00:00,181.9747434
2018-01-12T08:45:00+00:00,12.77062938
2018-01-12T09:00:00+00:00,38.44909938
2018-01-12T09:15:00+00:00,0
2018-01-12T09:30:00+00:00,76.60564424
2018-01-12T09:45:00+00:00,164.023764
2018-01-12T10:00:00+00:00,100.7406546
2018-01-12T10:15:00+00:00,160.5649955
2018-01-12T10:30:00+00:00,183.8050837
2018-01-12T10:45:00+00:00,150.2380048
2018-01-12T11:00:00+00:00,0
2018-01-12T11:15:00+00:00,0
2018-01-12T11:30:00+00:00,41.37919724
2018-01-12T11:45:00+00:00,150.604388
2018-01-12T12:00:00+00:00,109.7300196
2018-01-12T12:15:00+00:00,125.6422645
2018-01-12T12:30:00+00:00,130.5714077
2018-01-12T12:45:00+00:00,179.6786638
2018-01-12T13:00:00+00:00,0
2018-01-12T13:15:00+00:00,143.1835822
2018-01-12T13:30:00+00:00,182.663985
2018-01-12T13:45:00+00:00,64.11058061
2018-01-12T14:00:00+00:00,0
2018-01-12T14:15:00+00:00,0
2018-01-12T14:30:00+00:00,0
2018-01-12T14:45:00+00:00,0
2018-01-12T15:00:00+00:00,0
2018-01-12T15:15:00+00:00,0
2018-01-12T15:30:00+00:00,0
2018-01-12T15:45:00+00:00,0
2018-01-12T16:00:00+00:00,41.83440324
2018-01-12T16:15:00+00:00,0
2018-01-12T16:30:00+00:00,0
2018-01-12T16:45:00+00:00,0
2018-01-12T17:00:00+00:00,91.99820324
2018-01-12T17:15:00+00:00,0
2018-01-12T17:30:00+00:00,0
2018-01-12T17:45:00+00:00,20.98777424
2018-01-12T18:00:00+00:00,0
2018-01-12T18:15:00+00:00,0
2018-01-12T18:30:00+00:00,0
2018-01-12T18:45:00+00:00,157.3766132
2018-01-12T19:00:00+00:00,19.45791902
2018-01-12T19:15:00+00:00,57.50440561
2018-01-12T19:30:00+00:00,0
2018-01-12T19:45:00+00:00,0
2018-01-12T20:00:00+00:00,0
2018-01-12T20:15:00+00:00,0
2018-01-12T20:30:00+00:00,36.66928124
2018-01-12T20:45:00+00:00,0
2018-01-12T21:00:00+00:00,0
2018-01-12T21:15:00+00:00,147.5500639
2018-01-12T21:30:00+00:00,145.4844175
2018-01-12T21:45:00+00:00,66.39629929
2018-01-12T22:00:00+00:00,193.6369931
2018-01-12T22:15:00+00:00,200.521986
2018-01-12T22:30:00+00:00,173.7195546
2018-01-12T22:45:00+00:00,42.6422047
2018-01-12T23:00:00+00:00,25.10083867
2018-01-12T23:15:00+00:00,0.262440406
2018-01-12T23:30:00+00:00,0
2018-01-12T23:45:00+00:00,0
2018-01-13T00:00:00+00:00,0
2018-01-13T00:15:00+00:00,0
2018-01-13T00:30:00+00:00,0
2018-01-13T00:45:00+00:00,0
2018-01-13T01:00:00+00:00,0
2018-01-13T01:15:00+00:00,0
2018-01-13T01:30:00+00:00,0.234164236
2018-01-13T01:45:00+00:00,0.321140019
2018-01-13T02:00:00+00:00,0.17080351
2018-01-13T02:15:00+00:00,0
2018-01-13T02:30:00+00:00,0
2018-01-13T02:45:00+00:00,0
2018-01-13T03:00:00+00:00,0
2018-01-13T03:15:00+00:00,0
2018-01-13T03:30:00+00:00,0
2018-01-13T03:45:00+00:00,0.110803236
2018-01-13T04:00:00+00:00,0.296927019
2018-01-13T04:15:00+00:00,0.214460921
2018-01-13T04:30:00+00:00,0
2018-01-13T04:45:00+00:00,0
2018-01-13T05:00:00+00:00,0
2018-01-13T05:15:00+00:00,0
2018-01-13T05:30:00+00:00,0
2018-01-13T05:45:00+00:00,0
2018-01-13T06:00:00+00:00,0
2018-01-13T06:15:00+00:00,0
2018-01-13T06:30:00+00:00,0
2018-01-13T06:45:00+00:00,0
2018-01-13T07:00:00+00:00,0
2018-01-13T07:15:00+00:00,0
2018-01-13T07:30:00+00:00,0
2018-01-13T07:45:00+00:00,0
2018-01-13T08:00:00+00:00,0
2018-01-13T08:15:00+00:00,0
2018-01-13T08:30:00+00:00,0
2018-01-13T08:45:00+00:00,0
2018-01-13T09:00:00+00:00,0
2018-01-13T09:15:00+00:00,0
2018-01-13T09:30:00+00:00,0
2018-01-13T09:45:00+00:00,0
2018-01-13T10:00:00+00:00,0
2018-01-13T10:15:00+00:00,0
2018-01-13T10:30:00+00:00,0
2018-01-13T10:45:00+00:00,0
2018-01-13T11:00:00+00:00,0
2018-01-13T11:15:00+00:00,0
2018-01-13T11:30:00+00:00,0
2018-01-13T11:45:00+00:00,0
2018-01-13T12:00:00+00:00,0
2018-01-13T12:15:00+00:00,0
2018-01-13T12:30:00+00:00,0
2018-01-13T12:45:00+00:00,0
2018-01-13T13:00:00+00:00,0
2018-01-13T13:15:00+00:00,0
2018-01-13T13:30:00+00:00,0
2018-01-13T13:45:00+00:00,0
2018-01-13T14:00:00+00:00,0
2018-01-13T14:15:00+00:00,0
2018-01-13T14:30:00+00:00,0
2018-01-13T14:45:00+00:00,0
2018-01-13T15:00:00+00:00,0
2018-01-13T15:15:00+00:00,0
2018-01-13T15:30:00+00:00,0
2018-01-13T15:45:00+00:00,0
2018-01-13T16:00:00+00:00,0
2018-01-13T16:15:00+00:00,0
2018-01-13T16:30:00+00:00,0
2018-01-13T16:45:00+00:00,0
2018-01-13T17:00:00+00:00,0
2018-01-13T17:15:00+00:00,0
2018-01-13T17:30:00+00:00,0
2018-01-13T17:45:00+00:00,0
2018-01-13T18:00:00+00:00,0
2018-01-13T18:15:00+00:00,0
2018-01-13T18:30:00+00:00,0
2018-01-13T18:45:00+00:00,0
2018-01-13T19:00:00+00:00,0
2018-01-13T19:15:00+00:00,0
2018-01-13T19:30:00+00:00,0
2018-01-13T19:45:00+00:00,0
2018-01-13T20:00:00+00:00,0
2018-01-13T20:15:00+00:00,0
2018-01-13T20:30:00+00:00,0
2018-01-13T20:45:00+00:00,0
2018-01-13T21:00:00+00:00,0
2018-01-13T21:15:00+00:00,0
2018-01-13T21:30:00+00:00,0
2018-01-13T21:45:00+00:00,0
2018-01-13T22:00:00+00:00,0
2018-01-13T22:15:00+00:00,0
2018-01-13T22:30:00+00:00,0
2018-01-13T22:45:00+00:00,0
2018-01-13T23:00:00+00:00,0.068401384
2018-01-13T23:15:00+00:00,0.008566377
2018-01-13T23:30:00+00:00,0
2018-01-13T23:45:00+00:00,0
2018-01-14T00:00:00+00:00,0
2018-01-14T00:15:00+00:00,0
2018-01-14T00:30:00+00:00,0
2018-01-14T00:45:00+00:00,0
2018-01-14T01:00:00+00:00,0
2018-01-14T01:15:00+00:00,0
2018-01-14T01:30:00+00:00,0
2018-01-14T01:45:00+00:00,0
2018-01-14T02:00:00+00:00,0
2018-01-14T02:15:00+00:00,0
2018-01-14T02:30:00+00:00,0
2018-01-14T02:45:00+00:00,0
2018-01-14T03:00:00+00:00,0
2018-01-14T03:15:00+00:00,0
2018-01-14T03:30:00+00:00,0
2018-01-14T03:45:00+00:00,0
2018-01-14T04:00:00+00:00,0
2018-01-14T04:15:00+00:00,0
2018-01-14T04:30:00+00:00,0
2018-01-14T04:45:00+00:00,0
2018-01-14T05:00:00+00:00,0
2018-01-14T05:15:00+00:00,0
2018-01-14T05:30:00+00:00,0
2018-01-14T05:45:00+00:00,0
2018-01-14T06:00:00+00:00,0
2018-01-14T06:15:00+00:00,0
2018-01-14T06:30:00+00:00,0
2018-01-14T06:45:00+00:00,0
2018-01-14T07:00:00+00:00,0
2018-01-14T07:15:00+00:00,0
2018-01-14T07:30:00+00:00,0
2018-01-14T07:45:00+00:00,0
2018-01-14T08:00:00+00:00,0
2018-01-14T08:15:00+00:00,0
2018-01-14T08:30:00+00:00,0
2018-01-14T08:45:00+00:00,0
2018-01-14T09:00:00+00:00,0
2018-01-14T09:15:00+00:00,0
2018-01-14T09:30:00+00:00,0
2018-01-14T09:45:00+00:00,0
2018-01-14T10:00:00+00:00,0
2018-01-14T10:15:00+00:00,0
2018-01-14T10:30:00+00:00,0
2018-01-14T10:45:00+00:00,0
2018-01-14T11:00:00+00:00,0
2018-01-14T11:15:00+00:00,0
2018-01-14T11:30:00+00:00,0
2018-01-14T11:45:00+00:00,0
2018-01-14T12:00:00+00:00,0
2018-01-14T12:15:00+00:00,0
2018-01-14T12:30:00+00:00,0
2018-01-14T12:45:00+00:00,0
2018-01-14T13:00:00+00:00,0
2018-01-14T13:15:00+00:00,0
2018-01-14T13:30:00+00:00,0
2018-01-14T13:45:00+00:00,0
2018-01-14T14:00:00+00:00,0
2018-01-14T14:15:00+00:00,0
2018-01-14T14:30:00+00:00,0
2018-01-14T14:45:00+00:00,0
2018-01-14T15:00:00+00:00,0
2018-01-14T15:15:00+00:00,0
2018-01-14T15:30:00+00:00,0
2018-01-14T15:45:00+00:00,0
2018-01-14T16:00:00+00:00,0
2018-01-14T16:15:00+00:00,0
2018-01-14T16:30:00+00:00,0
2018-01-14T16:45:00+00:00,0
2018-01-14T17:00:00+00:00,0
2018-01-14T17:15:00+00:00,0
2018-01-14T17:30:00+00:00,0
2018-01-14T17:45:00+00:00,0
2018-01-14T18:00:00+00:00,0
2018-01-14T18:15:00+00:00,0
2018-01-14T18:30:00+00:00,0
2018-01-14T18:45:00+00:00,0
2018-01-14T19:00:00+00:00,0
2018-01-14T19:15:00+00:00,0
2018-01-14T19:30:00+00:00,0
2018-01-14T19:45:00+00:00,0
2018-01-14T20:00:00+00:00,0
2018-01-14T20:15:00+00:00,0
2018-01-14T20:30:00+00:00,0
2018-01-14T20:45:00+00:00,0
2018-01-14T21:00:00+00:00,0
2018-01-14T21:15:00+00:00,0
2018-01-14T21:30:00+00:00,0
2018-01-14T21:45:00+00:00,0
2018-01-14T22:00:00+00:00,0
2018-01-14T22:15:00+00:00,0
2018-01-14T22:30:00+00:00,0
2018-01-14T22:45:00+00:00,0
2018-01-14T23:00:00+00:00,0
2018-01-14T23:15:00+00:00,0
2018-01-14T23:30:00+00:00,0
2018-01-14T23:45:00+00:00,0
2018-01-15T00:00:00+00:00,1.971455396
2018-01-15T00:15:00+00:00,2.541465985
2018-01-15T00:30:00+00:00,2.713660877
2018-01-15T00:45:00+00:00,2.668638052
2018-01-15T01:00:00+00:00,2.655306197
2018-01-15T01:15:00+00:00,2.946593096
2018-01-15T01:30:00+00:00,3.793057798
2018-01-15T01:45:00+00:00,3.638039753
2018-01-15T02:00:00+00:00,3.262996753
2018-01-15T02:15:00+00:00,2.270955753
2018-01-15T02:30:00+00:00,14.28616675
2018-01-15T02:45:00+00:00,2.204602753
2018-01-15T03:00:00+00:00,2.446459753
2018-01-15T03:15:00+00:00,2.477493753
2018-01-15T03:30:00+00:00,2.608810753
2018-01-15T03:45:00+00:00,3.036970753
2018-01-15T04:00:00+00:00,0
2018-01-15T04:15:00+00:00,0
2018-01-15T04:30:00+00:00,0
2018-01-15T04:45:00+00:00,0
2018-01-15T05:00:00+00:00,0
2018-01-15T05:15:00+00:00,0
2018-01-15T05:30:00+00:00,0
2018-01-15T05:45:00+00:00,0
2018-01-15T06:00:00+00:00,0
2018-01-15T06:15:00+00:00,0
2018-01-15T06:30:00+00:00,0
2018-01-15T06:45:00+00:00,0
2018-01-15T07:00:00+00:00,0
2018-01-15T07:15:00+00:00,0
2018-01-15T07:30:00+00:00,0
2018-01-15T07:45:00+00:00,0
2018-01-15T08:00:00+00:00,0
2018-01-15T08:15:00+00:00,0
2018-01-15T08:30:00+00:00,0
2018-01-15T08:45:00+00:00,0
2018-01-15T09:00:00+00:00,0
2018-01-15T09:15:00+00:00,0
2018-01-15T09:30:00+00:00,0
2018-01-15T09:45:00+00:00,0
2018-01-15T10:00:00+00:00,0
2018-01-15T10:15:00+00:00,0
2018-01-15T10:30:00+00:00,0
2018-01-15T10:45:00+00:00,0
2018-01-15T11:00:00+00:00,0
2018-01-15T11:15:00+00:00,0
2018-01-15T11:30:00+00:00,0
2018-01-15T11:45:00+00:00,0
2018-01-15T12:00:00+00:00,0
2018-01-15T12:15:00+00:00,0
2018-01-15T12:30:00+00:00,0
2018-01-15T12:45:00+00:00,0
2018-01-15T13:00:00+00:00,0
2018-01-15T13:15:00+00:00,0
2018-01-15T13:30:00+00:00,0
2018-01-15T13:45:00+00:00,0
2018-01-15T14:00:00+00:00,0
2018-01-15T14:15:00+00:00,0
2018-01-15T14:30:00+00:00,0
2018-01-15T14:45:00+00:00,0
2018-01-15T15:00:00+00:00,0
2018-01-15T15:15:00+00:00,0
2018-01-15T15:30:00+00:00,0
2018-01-15T15:45:00+00:00,0
2018-01-15T16:00:00+00:00,0
2018-01-15T16:15:00+00:00,0
2018-01-15T16:30:00+00:00,0
2018-01-15T16:45:00+00:00,0
2018-01-15T17:00:00+00:00,0
2018-01-15T17:15:00+00:00,0
2018-01-15T17:30:00+00:00,0
2018-01-15T17:45:00+00:00,0
2018-01-15T18:00:00+00:00,0
2018-01-15T18:15:00+00:00,0
2018-01-15T18:30:00+00:00,0
2018-01-15T18:45:00+00:00,0
2018-01-15T19:00:00+00:00,0
2018-01-15T19:15:00+00:00,0
2018-01-15T19:30:00+00:00,0
2018-01-15T19:45:00+00:00,0
2018-01-15T20:00:00+00:00,0
2018-01-15T20:15:00+00:00,0
2018-01-15T20:30:00+00:00,0
2018-01-15T20:45:00+00:00,0
2018-01-15T21:00:00+00:00,0
2018-01-15T21:15:00+00:00,0
2018-01-15T21:30:00+00:00,0
2018-01-15T21:45:00+00:00,0
2018-01-15T22:00:00+00:00,0
2018-01-15T22:15:00+00:00,0
2018-01-15T22:30:00+00:00,0
2018-01-15T22:45:00+00:00,0
2018-01-15T23:00:00+00:00,0
2018-01-15T23:15:00+00:00,0
2018-01-15T23:30:00+00:00,0
2018-01-15T23:45:00+00:00,0
2018-01-16T00:00:00+00:00,0
2018-01-16T00:15:00+00:00,0
2018-01-16T00:30:00+00:00,0
2018-01-16T00:45:00+00:00,0
2018-01-16T01:00:00+00:00,0
2018-01-16T01:15:00+00:00,0
2018-01-16T01:30:00+00:00,0
2018-01-16T01:45:00+00:00,0
2018-01-16T02:00:00+00:00,0
2018-01-16T02:15:00+00:00,0
2018-01-16T02:30:00+00:00,0
2018-01-16T02:45:00+00:00,0
2018-01-16T03:00:00+00:00,0
2018-01-16T03:15:00+00:00,0
2018-01-16T03:30:00+00:00,0
2018-01-16T03:45:00+00:00,0
2018-01-16T04:00:00+00:00,0
2018-01-16T04:15:00+00:00,0
2018-01-16T04:30:00+00:00,0
2018-01-16T04:45:00+00:00,0
2018-01-16T05:00:00+00:00,0
2018-01-16T05:15:00+00:00,0
2018-01-16T05:30:00+00:00,0
2018-01-16T05:45:00+00:00,0
2018-01-16T06:00:00+00:00,0
2018-01-16T06:15:00+00:00,0
2018-01-16T06:30:00+00:00,0
2018-01-16T06:45:00+00:00,0
2018-01-16T07:00:00+00:00,0
2018-01-16T07:15:00+00:00,0
2018-01-16T07:30:00+00:00,0
2018-01-16T07:45:00+00:00,0
2018-01-16T08:00:00+00:00,0
2018-01-16T08:15:00+00:00,0
2018-01-16T08:30:00+00:00,0
2018-01-16T08:45:00+00:00,0
2018-01-16T09:00:00+00:00,0
2018-01-16T09:15:00+00:00,0
2018-01-16T09:30:00+00:00,0
2018-01-16T09:45:00+00:00,0
2018-01-16T10:00:00+00:00,0
2018-01-16T10:15:00+00:00,0
2018-01-16T10:30:00+00:00,0
2018-01-16T10:45:00+00:00,0
2018-01-16T11:00:00+00:00,0
2018-01-16T11:15:00+00:00,0
2018-01-16T11:30:00+00:00,0
2018-01-16T11:45:00+00:00,0
2018-01-16T12:00:00+00:00,0
2018-01-16T12:15:00+00:00,0
2018-01-16T12:30:00+00:00,0
2018-01-16T12:45:00+00:00,0
2018-01-16T13:00:00+00:00,0
2018-01-16T13:15:00+00:00,0
2018-01-16T13:30:00+00:00,0
2018-01-16T13:45:00+00:00,0
2018-01-16T14:00:00+00:00,0
2018-01-16T14:15:00+00:00,0
2018-01-16T14:30:00+00:00,0
2018-01-16T14:45:00+00:00,0
2018-01-16T15:00:00+00:00,0
2018-01-16T15:15:00+00:00,0
2018-01-16T15:30:00+00:00,0
2018-01-16T15:45:00+00:00,12.32388361
2018-01-16T16:00:00+00:00,0
2018-01-16T16:15:00+00:00,0
2018-01-16T16:30:00+00:00,0
2018-01-16T16:45:00+00:00,0
2018-01-16T17:00:00+00:00,0
2018-01-16T17:15:00+00:00,0
2018-01-16T17:30:00+00:00,0
2018-01-16T17:45:00+00:00,0
2018-01-16T18:00:00+00:00,0
2018-01-16T18:15:00+00:00,0
2018-01-16T18:30:00+00:00,0
2018-01-16T18:45:00+00:00,0
2018-01-16T19:00:00+00:00,0
2018-01-16T19:15:00+00:00,0
2018-01-16T19:30:00+00:00,0
2018-01-16T19:45:00+00:00,0
2018-01-16T20:00:00+00:00,0
2018-01-16T20:15:00+00:00,0
2018-01-16T20:30:00+00:00,0
2018-01-16T20:45:00+00:00,0
2018-01-16T21:00:00+00:00,0
2018-01-16T21:15:00+00:00,0
2018-01-16T21:30:00+00:00,0
2018-01-16T21:45:00+00:00,0
2018-01-16T22:00:00+00:00,0
2018-01-16T22:15:00+00:00,0
2018-01-16T22:30:00+00:00,0
2018-01-16T22:45:00+00:00,0
2018-01-16T23:00:00+00:00,0
2018-01-16T23:15:00+00:00,0
2018-01-16T23:30:00+00:00,0
2018-01-16T23:45:00+00:00,0
2018-01-17T00:00:00+00:00,0
2018-01-17T00:15:00+00:00,0
2018-01-17T00:30:00+00:00,0
2018-01-17T00:45:00+00:00,0
2018-01-17T01:00:00+00:00,0
2018-01-17T01:15:00+00:00,0
2018-01-17T01:30:00+00:00,0
2018-01-17T01:45:00+00:00,0
2018-01-17T02:00:00+00:00,0
2018-01-17T02:15:00+00:00,0
2018-01-17T02:30:00+00:00,0
2018-01-17T02:45:00+00:00,0
2018-01-17T03:00:00+00:00,0
2018-01-17T03:15:00+00:00,0
2018-01-17T03:30:00+00:00,0
2018-01-17T03:45:00+00:00,0
2018-01-17T04:00:00+00:00,0
2018-01-17T04:15:00+00:00,0
2018-01-17T04:30:00+00:00,0
2018-01-17T04:45:00+00:00,0
2018-01-17T05:00:00+00:00,1.024113613
2018-01-17T05:15:00+00:00,0
2018-01-17T05:30:00+00:00,0
2018-01-17T05:45:00+00:00,0
2018-01-17T06:00:00+00:00,0.054795755
2018-01-17T06:15:00+00:00,9.668503396
2018-01-17T06:30:00+00:00,0
2018-01-17T06:45:00+00:00,0
2018-01-17T07:00:00+00:00,0
2018-01-17T07:15:00+00:00,0
2018-01-17T07:30:00+00:00,0
2018-01-17T07:45:00+00:00,0
2018-01-17T08:00:00+00:00,56.5808747
2018-01-17T08:15:00+00:00,111.532777
2018-01-17T08:30:00+00:00,82.34634108
2018-01-17T08:45:00+00:00,107.9520359
2018-01-17T09:00:00+00:00,101.9602316
2018-01-17T09:15:00+00:00,137.5591426
2018-01-17T09:30:00+00:00,77.07294526
2018-01-17T09:45:00+00:00,185.0588738
2018-01-17T10:00:00+00:00,56.23581977
2018-01-17T10:15:00+00:00,42.17978875
2018-01-17T10:30:00+00:00,33.89728975
2018-01-17T10:45:00+00:00,165.1074678
2018-01-17T11:00:00+00:00,256.5368458
2018-01-17T11:15:00+00:00,34.67087775
2018-01-17T11:30:00+00:00,52.41416475
2018-01-17T11:45:00+00:00,63.47642375
2018-01-17T12:00:00+00:00,196.2705268
2018-01-17T12:15:00+00:00,217.0745308
2018-01-17T12:30:00+00:00,40.81740975
2018-01-17T12:45:00+00:00,69.24686375
2018-01-17T13:00:00+00:00,240.1608258
2018-01-17T13:15:00+00:00,265.7411148
2018-01-17T13:30:00+00:00,242.2839228
2018-01-17T13:45:00+00:00,155.4402898
2018-01-17T14:00:00+00:00,158.8525518
2018-01-17T14:15:00+00:00,175.8131588
2018-01-17T14:30:00+00:00,158.1370578
2018-01-17T14:45:00+00:00,184.5936498
2018-01-17T15:00:00+00:00,111.0102448
2018-01-17T15:15:00+00:00,138.8768928
2018-01-17T15:30:00+00:00,32.39254475
2018-01-17T15:45:00+00:00,7.673266753
2018-01-17T16:00:00+00:00,36.32781475
2018-01-17T16:15:00+00:00,0
2018-01-17T16:30:00+00:00,76.68795738
2018-01-17T16:45:00+00:00,0
2018-01-17T17:00:00+00:00,0
2018-01-17T17:15:00+00:00,0
2018-01-17T17:30:00+00:00,0
2018-01-17T17:45:00+00:00,0
2018-01-17T18:00:00+00:00,0
2018-01-17T18:15:00+00:00,0
2018-01-17T18:30:00+00:00,56.67781361
2018-01-17T18:45:00+00:00,120.5649074
2018-01-17T19:00:00+00:00,55.47328199
2018-01-17T19:15:00+00:00,0
2018-01-17T19:30:00+00:00,0
2018-01-17T19:45:00+00:00,0
2018-01-17T20:00:00+00:00,91.83331567
2018-01-17T20:15:00+00:00,12.98980874
2018-01-17T20:30:00+00:00,75.89833262
2018-01-17T20:45:00+00:00,121.5529212
2018-01-17T21:00:00+00:00,74.9303283
2018-01-17T21:15:00+00:00,0
2018-01-17T21:30:00+00:00,0
2018-01-17T21:45:00+00:00,0
2018-01-17T22:00:00+00:00,0
2018-01-17T22:15:00+00:00,0
2018-01-17T22:30:00+00:00,0
2018-01-17T22:45:00+00:00,0
2018-01-17T23:00:00+00:00,0
2018-01-17T23:15:00+00:00,0
2018-01-17T23:30:00+00:00,0
2018-01-17T23:45:00+00:00,0
2018-01-18T00:00:00+00:00,0
2018-01-18T00:15:00+00:00,0
2018-01-18T00:30:00+00:00,0
2018-01-18T00:45:00+00:00,0
2018-01-18T01:00:00+00:00,0
2018-01-18T01:15:00+00:00,0.310689613
2018-01-18T01:30:00+00:00,0.08228291
2018-01-18T01:45:00+00:00,0.14605688
2018-01-18T02:00:00+00:00,0.244176545
2018-01-18T02:15:00+00:00,0.272338613
2018-01-18T02:30:00+00:00,0.067149619
2018-01-18T02:45:00+00:00,0.15004819
2018-01-18T03:00:00+00:00,0
2018-01-18T03:15:00+00:00,0.039417732
2018-01-18T03:30:00+00:00,0
2018-01-18T03:45:00+00:00,0
2018-01-18T04:00:00+00:00,0
2018-01-18T04:15:00+00:00,0
2018-01-18T04:30:00+00:00,0
2018-01-18T04:45:00+00:00,0
2018-01-18T05:00:00+00:00,0
2018-01-18T05:15:00+00:00,0
2018-01-18T05:30:00+00:00,2.432885409
2018-01-18T05:45:00+00:00,3.995153869
2018-01-18T06:00:00+00:00,1.195654103
2018-01-18T06:15:00+00:00,0
2018-01-18T06:30:00+00:00,0
2018-01-18T06:45:00+00:00,0
2018-01-18T07:00:00+00:00,0
2018-01-18T07:15:00+00:00,0
2018-01-18T07:30:00+00:00,0
2018-01-18T07:45:00+00:00,0
2018-01-18T08:00:00+00:00,15.64927935
2018-01-18T08:15:00+00:00,17.14727118
2018-01-18T08:30:00+00:00,64.28807499
2018-01-18T08:45:00+00:00,43.39581356
2018-01-18T09:00:00+00:00,5.331798211
2018-01-18T09:15:00+00:00,56.46918812
2018-01-18T09:30:00+00:00,0
2018-01-18T09:45:00+00:00,0
2018-01-18T10:00:00+00:00,0
2018-01-18T10:15:00+00:00,0
2018-01-18T10:30:00+00:00,0
2018-01-18T10:45:00+00:00,0
2018-01-18T11:00:00+00:00,0
2018-01-18T11:15:00+00:00,0
2018-01-18T11:30:00+00:00,50.73914261
2018-01-18T11:45:00+00:00,168.3108634
2018-01-18T12:00:00+00:00,215.392843
2018-01-18T12:15:00+00:00,240.7012879
2018-01-18T12:30:00+00:00,71.23029505
2018-01-18T12:45:00+00:00,66.7619572
2018-01-18T13:00:00+00:00,0
2018-01-18T13:15:00+00:00,0
2018-01-18T13:30:00+00:00,0
2018-01-18T13:45:00+00:00,18.86626661
2018-01-18T14:00:00+00:00,0
2018-01-18T14:15:00+00:00,127.3166156
2018-01-18T14:30:00+00:00,0
2018-01-18T14:45:00+00:00,0
2018-01-18T15:00:00+00:00,0
2018-01-18T15:15:00+00:00,0
2018-01-18T15:30:00+00:00,0
2018-01-18T15:45:00+00:00,0
2018-01-18T16:00:00+00:00,0
2018-01-18T16:15:00+00:00,0
2018-01-18T16:30:00+00:00,0
2018-01-18T16:45:00+00:00,16.17001561
2018-01-18T17:00:00+00:00,0
2018-01-18T17:15:00+00:00,0
2018-01-18T17:30:00+00:00,0
2018-01-18T17:45:00+00:00,103.0943402
2018-01-18T18:00:00+00:00,78.91943739
2018-01-18T18:15:00+00:00,204.8809786
2018-01-18T18:30:00+00:00,0
2018-01-18T18:45:00+00:00,0
2018-01-18T19:00:00+00:00,0
2018-01-18T19:15:00+00:00,0
2018-01-18T19:30:00+00:00,0
2018-01-18T19:45:00+00:00,0
2018-01-18T20:00:00+00:00,0
2018-01-18T20:15:00+00:00,0
2018-01-18T20:30:00+00:00,0
2018-01-18T20:45:00+00:00,0
2018-01-18T21:00:00+00:00,0
2018-01-18T21:15:00+00:00,46.97759561
2018-01-18T21:30:00+00:00,0
2018-01-18T21:45:00+00:00,0
2018-01-18T22:00:00+00:00,0
2018-01-18T22:15:00+00:00,33.99376961
2018-01-18T22:30:00+00:00,15.6775184
2018-01-18T22:45:00+00:00,0
2018-01-18T23:00:00+00:00,0
2018-01-18T23:15:00+00:00,0
2018-01-18T23:30:00+00:00,0
2018-01-18T23:45:00+00:00,0
2018-01-19T00:00:00+00:00,0
2018-01-19T00:15:00+00:00,0
2018-01-19T00:30:00+00:00,0
2018-01-19T00:45:00+00:00,0
2018-01-19T01:00:00+00:00,0
2018-01-19T01:15:00+00:00,0.551184613
2018-01-19T01:30:00+00:00,0.922439396
2018-01-19T01:45:00+00:00,0.554458985
2018-01-19T02:00:00+00:00,0
2018-01-19T02:15:00+00:00,0
2018-01-19T02:30:00+00:00,0
2018-01-19T02:45:00+00:00,0
2018-01-19T03:00:00+00:00,0
2018-01-19T03:15:00+00:00,0.053952843
2018-01-19T03:30:00+00:00,0
2018-01-19T03:45:00+00:00,0
2018-01-19T04:00:00+00:00,0
2018-01-19T04:15:00+00:00,0
2018-01-19T04:30:00+00:00,0
2018-01-19T04:45:00+00:00,0
2018-01-19T05:00:00+00:00,0
2018-01-19T05:15:00+00:00,0
2018-01-19T05:30:00+00:00,0
2018-01-19T05:45:00+00:00,0
2018-01-19T06:00:00+00:00,0
2018-01-19T06:15:00+00:00,11.11577078
2018-01-19T06:30:00+00:00,46.80108117
2018-01-19T06:45:00+00:00,41.67270076
2018-01-19T07:00:00+00:00,83.684009
2018-01-19T07:15:00+00:00,353.9680318
2018-01-19T07:30:00+00:00,272.8951331
2018-01-19T07:45:00+00:00,192.8322396
2018-01-19T08:00:00+00:00,132.183116
2018-01-19T08:15:00+00:00,100.0243558
2018-01-19T08:30:00+00:00,181.9617958
2018-01-19T08:45:00+00:00,12.75768175
2018-01-19T09:00:00+00:00,38.43615175
2018-01-19T09:15:00+00:00,0
2018-01-19T09:30:00+00:00,76.59269661
2018-01-19T09:45:00+00:00,164.0108164
2018-01-19T10:00:00+00:00,100.727707
2018-01-19T10:15:00+00:00,160.5520479
2018-01-19T10:30:00+00:00,183.7921361
2018-01-19T10:45:00+00:00,150.2250572
2018-01-19T11:00:00+00:00,0
2018-01-19T11:15:00+00:00,0
2018-01-19T11:30:00+00:00,41.36624961
2018-01-19T11:45:00+00:00,150.5914404
2018-01-19T12:00:00+00:00,109.717072
2018-01-19T12:15:00+00:00,125.6293169
2018-01-19T12:30:00+00:00,130.5584601
2018-01-19T12:45:00+00:00,179.6657162
2018-01-19T13:00:00+00:00,0
2018-01-19T13:15:00+00:00,143.1706346
2018-01-19T13:30:00+00:00,182.6510374
2018-01-19T13:45:00+00:00,64.09763299
2018-01-19T14:00:00+00:00,0
2018-01-19T14:15:00+00:00,0
2018-01-19T14:30:00+00:00,0
2018-01-19T14:45:00+00:00,0
2018-01-19T15:00:00+00:00,0
2018-01-19T15:15:00+00:00,0
2018-01-19T15:30:00+00:00,0
2018-01-19T15:45:00+00:00,0
2018-01-19T16:00:00+00:00,41.82145561
2018-01-19T16:15:00+00:00,0
2018-01-19T16:30:00+00:00,0
2018-01-19T16:45:00+00:00,0
2018-01-19T17:00:00+00:00,91.98525561
2018-01-19T17:15:00+00:00,0
2018-01-19T17:30:00+00:00,0
2018-01-19T17:45:00+00:00,20.97482661
2018-01-19T18:00:00+00:00,0
2018-01-19T18:15:00+00:00,0
2018-01-19T18:30:00+00:00,0
2018-01-19T18:45:00+00:00,157.3636656
2018-01-19T19:00:00+00:00,19.4449714
2018-01-19T19:15:00+00:00,57.49145799
2018-01-19T19:30:00+00:00,0
2018-01-19T19:45:00+00:00,0
2018-01-19T20:00:00+00:00,0
2018-01-19T20:15:00+00:00,0
2018-01-19T20:30:00+00:00,36.65633361
2018-01-19T20:45:00+00:00,0
2018-01-19T21:00:00+00:00,0
2018-01-19T21:15:00+00:00,147.5371163
2018-01-19T21:30:00+00:00,145.4714699
2018-01-19T21:45:00+00:00,66.38335167
2018-01-19T22:00:00+00:00,193.6240455
2018-01-19T22:15:00+00:00,200.5090383
2018-01-19T22:30:00+00:00,173.706607
2018-01-19T22:45:00+00:00,42.62925708
2018-01-19T23:00:00+00:00,25.08789105
2018-01-19T23:15:00+00:00,0.249492783
2018-01-19T23:30:00+00:00,0
2018-01-19T23:45:00+00:00,0
2018-01-20T00:00:00+00:00,0
2018-01-20T00:15:00+00:00,0
2018-01-20T00:30:00+00:00,0
2018-01-20T00:45:00+00:00,0
2018-01-20T01:00:00+00:00,0
2018-01-20T01:15:00+00:00,0
2018-01-20T01:30:00+00:00,0.221216613
2018-01-20T01:45:00+00:00,0.308192396
2018-01-20T02:00:00+00:00,0.157855887
2018-01-20T02:15:00+00:00,0
2018-01-20T02:30:00+00:00,0
2018-01-20T02:45:00+00:00,0
2018-01-20T03:00:00+00:00,0
2018-01-20T03:15:00+00:00,0
2018-01-20T03:30:00+00:00,0
2018-01-20T03:45:00+00:00,0.097855613
2018-01-20T04:00:00+00:00,0.283979396
2018-01-20T04:15:00+00:00,0.201513298
2018-01-20T04:30:00+00:00,0
2018-01-20T04:45:00+00:00,0
2018-01-20T05:00:00+00:00,0
2018-01-20T05:15:00+00:00,0
2018-01-20T05:30:00+00:00,0
2018-01-20T05:45:00+00:00,0
2018-01-20T06:00:00+00:00,0
2018-01-20T06:15:00+00:00,0
2018-01-20T06:30:00+00:00,0
2018-01-20T06:45:00+00:00,0
2018-01-20T07:00:00+00:00,0
2018-01-20T07:15:00+00:00,0
2018-01-20T07:30:00+00:00,0
2018-01-20T07:45:00+00:00,0
2018-01-20T08:00:00+00:00,0
2018-01-20T08:15:00+00:00,0
2018-01-20T08:30:00+00:00,0
2018-01-20T08:45:00+00:00,0
2018-01-20T09:00:00+00:00,0
2018-01-20T09:15:00+00:00,0
2018-01-20T09:30:00+00:00,0
2018-01-20T09:45:00+00:00,0
2018-01-20T10:00:00+00:00,0
2018-01-20T10:15:00+00:00,0
2018-01-20T10:30:00+00:00,0
2018-01-20T10:45:00+00:00,0
2018-01-20T11:00:00+00:00,0
2018-01-20T11:15:00+00:00,0
2018-01-20T11:30:00+00:00,0
2018-01-20T11:45:00+00:00,0
2018-01-20T12:00:00+00:00,0
2018-01-20T12:15:00+00:00,0
2018-01-20T12:30:00+00:00,0
2018-01-20T12:45:00+00:00,0
2018-01-20T13:00:00+00:00,0
2018-01-20T13:15:00+00:00,0
2018-01-20T13:30:00+00:00,0
2018-01-20T13:45:00+00:00,0
2018-01-20T14:00:00+00:00,0
2018-01-20T14:15:00+00:00,0
2018-01-20T14:30:00+00:00,0
2018-01-20T14:45:00+00:00,0
2018-01-20T15:00:00+00:00,0
2018-01-20T15:15:00+00:00,0
2018-01-20T15:30:00+00:00,0
2018-01-20T15:45:00+00:00,0
2018-01-20T16:00:00+00:00,0
2018-01-20T16:15:00+00:00,0
2018-01-20T16:30:00+00:00,0
2018-01-20T16:45:00+00:00,0
2018-01-20T17:00:00+00:00,0
2018-01-20T17:15:00+00:00,0
2018-01-20T17:30:00+00:00,0
2018-01-20T17:45:00+00:00,0
2018-01-20T18:00:00+00:00,0
2018-01-20T18:15:00+00:00,0
2018-01-20T18:30:00+00:00,0
2018-01-20T18:45:00+00:00,0
2018-01-20T19:00:00+00:00,0
2018-01-20T19:15:00+00:00,0
2018-01-20T19:30:00+00:00,0
2018-01-20T19:45:00+00:00,0
2018-01-20T20:00:00+00:00,0
2018-01-20T20:15:00+00:00,0
2018-01-20T20:30:00+00:00,0
2018-01-20T20:45:00+00:00,0
2018-01-20T21:00:00+00:00,0
2018-01-20T21:15:00+00:00,0
2018-01-20T21:30:00+00:00,0
2018-01-20T21:45:00+00:00,0
2018-01-20T22:00:00+00:00,0
2018-01-20T22:15:00+00:00,0
2018-01-20T22:30:00+00:00,0
2018-01-20T22:45:00+00:00,0
2018-01-20T23:00:00+00:00,0.055453761
2018-01-20T23:15:00+00:00,0
2018-01-20T23:30:00+00:00,0
2018-01-20T23:45:00+00:00,0
2018-01-21T00:00:00+00:00,0
2018-01-21T00:15:00+00:00,0
2018-01-21T00:30:00+00:00,0
2018-01-21T00:45:00+00:00,0
2018-01-21T01:00:00+00:00,0
2018-01-21T01:15:00+00:00,0
2018-01-21T01:30:00+00:00,0
2018-01-21T01:45:00+00:00,0
2018-01-21T02:00:00+00:00,0
2018-01-21T02:15:00+00:00,0
2018-01-21T02:30:00+00:00,0
2018-01-21T02:45:00+00:00,0
2018-01-21T03:00:00+00:00,0
2018-01-21T03:15:00+00:00,0
2018-01-21T03:30:00+00:00,0
2018-01-21T03:45:00+00:00,0
2018-01-21T04:00:00+00:00,0
2018-01-21T04:15:00+00:00,0
2018-01-21T04:30:00+00:00,0
2018-01-21T04:45:00+00:00,0
2018-01-21T05:00:00+00:00,0
2018-01-21T05:15:00+00:00,0
2018-01-21T05:30:00+00:00,0
2018-01-21T05:45:00+00:00,0
2018-01-21T06:00:00+00:00,0
2018-01-21T06:15:00+00:00,0
2018-01-21T06:30:00+00:00,0
2018-01-21T06:45:00+00:00,0
2018-01-21T07:00:00+00:00,0
2018-01-21T07:15:00+00:00,0
2018-01-21T07:30:00+00:00,0
2018-01-21T07:45:00+00:00,0
2018-01-21T08:00:00+00:00,0
2018-01-21T08:15:00+00:00,0
2018-01-21T08:30:00+00:00,0
2018-01-21T08:45:00+00:00,0
2018-01-21T09:00:00+00:00,0
2018-01-21T09:15:00+00:00,0
2018-01-21T09:30:00+00:00,0
2018-01-21T09:45:00+00:00,0
2018-01-21T10:00:00+00:00,0
2018-01-21T10:15:00+00:00,0
2018-01-21T10:30:00+00:00,0
2018-01-21T10:45:00+00:00,0
2018-01-21T11:00:00+00:00,0
2018-01-21T11:15:00+00:00,0
2018-01-21T11:30:00+00:00,0
2018-01-21T11:45:00+00:00,0
2018-01-21T12:00:00+00:00,0
2018-01-21T12:15:00+00:00,0
2018-01-21T12:30:00+00:00,0
2018-01-21T12:45:00+00:00,0
2018-01-21T13:00:00+00:00,0
2018-01-21T13:15:00+00:00,0
2018-01-21T13:30:00+00:00,0
2018-01-21T13:45:00+00:00,0
2018-01-21T14:00:00+00:00,0
2018-01-21T14:15:00+00:00,0
2018-01-21T14:30:00+00:00,0
2018-01-21T14:45:00+00:00,0
2018-01-21T15:00:00+00:00,0
2018-01-21T15:15:00+00:00,0
2018-01-21T15:30:00+00:00,0
2018-01-21T15:45:00+00:00,0
2018-01-21T16:00:00+00:00,0
2018-01-21T16:15:00+00:00,0
2018-01-21T16:30:00+00:00,0
2018-01-21T16:45:00+00:00,0
2018-01-21T17:00:00+00:00,0
2018-01-21T17:15:00+00:00,0
2018-01-21T17:30:00+00:00,0
2018-01-21T17:45:00+00:00,0
2018-01-21T18:00:00+00:00,0
2018-01-21T18:15:00+00:00,0
2018-01-21T18:30:00+00:00,0
2018-01-21T18:45:00+00:00,0
2018-01-21T19:00:00+00:00,0
2018-01-21T19:15:00+00:00,0
2018-01-21T19:30:00+00:00,0
2018-01-21T19:45:00+00:00,0
2018-01-21T20:00:00+00:00,0
2018-01-21T20:15:00+00:00,0
2018-01-21T20:30:00+00:00,0
2018-01-21T20:45:00+00:00,0
2018-01-21T21:00:00+00:00,0
2018-01-21T21:15:00+00:00,0
2018-01-21T21:30:00+00:00,0
2018-01-21T21:45:00+00:00,0
2018-01-21T22:00:00+00:00,0
2018-01-21T22:15:00+00:00,0
2018-01-21T22:30:00+00:00,0
2018-01-21T22:45:00+00:00,0
2018-01-21T23:00:00+00:00,0
2018-01-21T23:15:00+00:00,0
2018-01-21T23:30:00+00:00,0
2018-01-21T23:45:00+00:00,0
2018-01-22T00:00:00+00:00,1.958507774
2018-01-22T00:15:00+00:00,2.528518363
2018-01-22T00:30:00+00:00,2.700713254
2018-01-22T00:45:00+00:00,2.655690429
2018-01-22T01:00:00+00:00,2.642358574
2018-01-22T01:15:00+00:00,2.933645473
2018-01-22T01:30:00+00:00,3.780110175
2018-01-22T01:45:00+00:00,3.62509213
2018-01-22T02:00:00+00:00,3.25004913
2018-01-22T02:15:00+00:00,2.25800813
2018-01-22T02:30:00+00:00,14.27321913
2018-01-22T02:45:00+00:00,2.19165513
2018-01-22T03:00:00+00:00,2.43351213
2018-01-22T03:15:00+00:00,2.46454613
2018-01-22T03:30:00+00:00,2.59586313
2018-01-22T03:45:00+00:00,3.02402313
2018-01-22T04:00:00+00:00,0
2018-01-22T04:15:00+00:00,0
2018-01-22T04:30:00+00:00,0
2018-01-22T04:45:00+00:00,0
2018-01-22T05:00:00+00:00,0
2018-01-22T05:15:00+00:00,0
2018-01-22T05:30:00+00:00,0
2018-01-22T05:45:00+00:00,0
2018-01-22T06:00:00+00:00,0
2018-01-22T06:15:00+00:00,0
2018-01-22T06:30:00+00:00,0
2018-01-22T06:45:00+00:00,0
2018-01-22T07:00:00+00:00,0
2018-01-22T07:15:00+00:00,0
2018-01-22T07:30:00+00:00,0
2018-01-22T07:45:00+00:00,0
2018-01-22T08:00:00+00:00,0
2018-01-22T08:15:00+00:00,0
2018-01-22T08:30:00+00:00,0
2018-01-22T08:45:00+00:00,0
2018-01-22T09:00:00+00:00,0
2018-01-22T09:15:00+00:00,0
2018-01-22T09:30:00+00:00,0
2018-01-22T09:45:00+00:00,0
2018-01-22T10:00:00+00:00,0
2018-01-22T10:15:00+00:00,0
2018-01-22T10:30:00+00:00,0
2018-01-22T10:45:00+00:00,0
2018-01-22T11:00:00+00:00,0
2018-01-22T11:15:00+00:00,0
2018-01-22T11:30:00+00:00,0
2018-01-22T11:45:00+00:00,0
2018-01-22T12:00:00+00:00,0
2018-01-22T12:15:00+00:00,0
2018-01-22T12:30:00+00:00,0
2018-01-22T12:45:00+00:00,0
2018-01-22T13:00:00+00:00,0
2018-01-22T13:15:00+00:00,0
2018-01-22T13:30:00+00:00,0
2018-01-22T13:45:00+00:00,0
2018-01-22T14:00:00+00:00,0
2018-01-22T14:15:00+00:00,0
2018-01-22T14:30:00+00:00,0
2018-01-22T14:45:00+00:00,0
2018-01-22T15:00:00+00:00,0
2018-01-22T15:15:00+00:00,0
2018-01-22T15:30:00+00:00,0
2018-01-22T15:45:00+00:00,0
2018-01-22T16:00:00+00:00,0
2018-01-22T16:15:00+00:00,0
2018-01-22T16:30:00+00:00,0
2018-01-22T16:45:00+00:00,0
2018-01-22T17:00:00+00:00,0
2018-01-22T17:15:00+00:00,0
2018-01-22T17:30:00+00:00,0
2018-01-22T17:45:00+00:00,0
2018-01-22T18:00:00+00:00,0
2018-01-22T18:15:00+00:00,0
2018-01-22T18:30:00+00:00,0
2018-01-22T18:45:00+00:00,0
2018-01-22T19:00:00+00:00,0
2018-01-22T19:15:00+00:00,0
2018-01-22T19:30:00+00:00,0
2018-01-22T19:45:00+00:00,0
2018-01-22T20:00:00+00:00,0
2018-01-22T20:15:00+00:00,0
2018-01-22T20:30:00+00:00,0
2018-01-22T20:45:00+00:00,0
2018-01-22T21:00:00+00:00,0
2018-01-22T21:15:00+00:00,0
2018-01-22T21:30:00+00:00,0
2018-01-22T21:45:00+00:00,0
2018-01-22T22:00:00+00:00,0
2018-01-22T22:15:00+00:00,0
2018-01-22T22:30:00+00:00,0
2018-01-22T22:45:00+00:00,0
2018-01-22T23:00:00+00:00,0
2018-01-22T23:15:00+00:00,0
2018-01-22T23:30:00+00:00,0
2018-01-22T23:45:00+00:00,0
2018-01-23T00:00:00+00:00,0
2018-01-23T00:15:00+00:00,0
2018-01-23T00:30:00+00:00,0
2018-01-23T00:45:00+00:00,0
2018-01-23T01:00:00+00:00,0
2018-01-23T01:15:00+00:00,0
2018-01-23T01:30:00+00:00,0
2018-01-23T01:45:00+00:00,0
2018-01-23T02:00:00+00:00,0
2018-01-23T02:15:00+00:00,0
2018-01-23T02:30:00+00:00,0
2018-01-23T02:45:00+00:00,0
2018-01-23T03:00:00+00:00,0
2018-01-23T03:15:00+00:00,0
2018-01-23T03:30:00+00:00,0
2018-01-23T03:45:00+00:00,0
2018-01-23T04:00:00+00:00,0
2018-01-23T04:15:00+00:00,0
2018-01-23T04:30:00+00:00,0
2018-01-23T04:45:00+00:00,0
2018-01-23T05:00:00+00:00,0
2018-01-23T05:15:00+00:00,0
2018-01-23T05:30:00+00:00,0
2018-01-23T05:45:00+00:00,0
2018-01-23T06:00:00+00:00,0
2018-01-23T06:15:00+00:00,0
2018-01-23T06:30:00+00:00,0
2018-01-23T06:45:00+00:00,0
2018-01-23T07:00:00+00:00,0
2018-01-23T07:15:00+00:00,0
2018-01-23T07:30:00+00:00,0
2018-01-23T07:45:00+00:00,0
2018-01-23T08:00:00+00:00,0
2018-01-23T08:15:00+00:00,0
2018-01-23T08:30:00+00:00,0
2018-01-23T08:45:00+00:00,0
2018-01-23T09:00:00+00:00,0
2018-01-23T09:15:00+00:00,0
2018-01-23T09:30:00+00:00,0
2018-01-23T09:45:00+00:00,0
2018-01-23T10:00:00+00:00,0
2018-01-23T10:15:00+00:00,0
2018-01-23T10:30:00+00:00,0
2018-01-23T10:45:00+00:00,0
2018-01-23T11:00:00+00:00,0
2018-01-23T11:15:00+00:00,0
2018-01-23T11:30:00+00:00,0
2018-01-23T11:45:00+00:00,0
2018-01-23T12:00:00+00:00,0
2018-01-23T12:15:00+00:00,0
2018-01-23T12:30:00+00:00,0
2018-01-23T12:45:00+00:00,0
2018-01-23T13:00:00+00:00,0
2018-01-23T13:15:00+00:00,0
2018-01-23T13:30:00+00:00,0
2018-01-23T13:45:00+00:00,0
2018-01-23T14:00:00+00:00,0
2018-01-23T14:15:00+00:00,0
2018-01-23T14:30:00+00:00,0
2018-01-23T14:45:00+00:00,0
2018-01-23T15:00:00+00:00,0
2018-01-23T15:15:00+00:00,0
2018-01-23T15:30:00+00:00,0
2018-01-23T15:45:00+00:00,12.31093599
2018-01-23T16:00:00+00:00,0
2018-01-23T16:15:00+00:00,0
2018-01-23T16:30:00+00:00,0
2018-01-23T16:45:00+00:00,0
2018-01-23T17:00:00+00:00,0
2018-01-23T17:15:00+00:00,0
2018-01-23T17:30:00+00:00,0
2018-01-23T17:45:00+00:00,0
2018-01-23T18:00:00+00:00,0
2018-01-23T18:15:00+00:00,0
2018-01-23T18:30:00+00:00,0
2018-01-23T18:45:00+00:00,0
2018-01-23T19:00:00+00:00,0
2018-01-23T19:15:00+00:00,0
2018-01-23T19:30:00+00:00,0
2018-01-23T19:45:00+00:00,0
2018-01-23T20:00:00+00:00,0
2018-01-23T20:15:00+00:00,0
2018-01-23T20:30:00+00:00,0
2018-01-23T20:45:00+00:00,0
2018-01-23T21:00:00+00:00,0
2018-01-23T21:15:00+00:00,0
2018-01-23T21:30:00+00:00,0
2018-01-23T21:45:00+00:00,0
2018-01-23T22:00:00+00:00,0
2018-01-23T22:15:00+00:00,0
2018-01-23T22:30:00+00:00,0
2018-01-23T22:45:00+00:00,0
2018-01-23T23:00:00+00:00,0
2018-01-23T23:15:00+00:00,0
2018-01-23T23:30:00+00:00,0
2018-01-23T23:45:00+00:00,0
2018-01-24T00:00:00+00:00,0
2018-01-24T00:15:00+00:00,0
2018-01-24T00:30:00+00:00,0
2018-01-24T00:45:00+00:00,0
2018-01-24T01:00:00+00:00,0
2018-01-24T01:15:00+00:00,0
2018-01-24T01:30:00+00:00,0
2018-01-24T01:45:00+00:00,0
2018-01-24T02:00:00+00:00,0
2018-01-24T02:15:00+00:00,0
2018-01-24T02:30:00+00:00,0
2018-01-24T02:45:00+00:00,0
2018-01-24T03:00:00+00:00,0
2018-01-24T03:15:00+00:00,0
2018-01-24T03:30:00+00:00,0
2018-01-24T03:45:00+00:00,0
2018-01-24T04:00:00+00:00,0
2018-01-24T04:15:00+00:00,0
2018-01-24T04:30:00+00:00,0
2018-01-24T04:45:00+00:00,0
2018-01-24T05:00:00+00:00,1.01116599
2018-01-24T05:15:00+00:00,0
2018-01-24T05:30:00+00:00,0
2018-01-24T05:45:00+00:00,0
2018-01-24T06:00:00+00:00,0.041848132
2018-01-24T06:15:00+00:00,9.655555774
2018-01-24T06:30:00+00:00,0
2018-01-24T06:45:00+00:00,0
2018-01-24T07:00:00+00:00,0
2018-01-24T07:15:00+00:00,0
2018-01-24T07:30:00+00:00,0
2018-01-24T07:45:00+00:00,0
2018-01-24T08:00:00+00:00,56.56792708
2018-01-24T08:15:00+00:00,111.5198294
2018-01-24T08:30:00+00:00,82.33339346
2018-01-24T08:45:00+00:00,107.9390882
2018-01-24T09:00:00+00:00,101.947284
2018-01-24T09:15:00+00:00,137.546195
2018-01-24T09:30:00+00:00,77.05999764
2018-01-24T09:45:00+00:00,185.0459262
2018-01-24T10:00:00+00:00,56.22287215
2018-01-24T10:15:00+00:00,42.16684113
2018-01-24T10:30:00+00:00,33.88434213
2018-01-24T10:45:00+00:00,165.0945201
2018-01-24T11:00:00+00:00,256.5238981
2018-01-24T11:15:00+00:00,34.65793013
2018-01-24T11:30:00+00:00,52.40121713
2018-01-24T11:45:00+00:00,63.46347613
2018-01-24T12:00:00+00:00,196.2575791
2018-01-24T12:15:00+00:00,217.0615831
2018-01-24T12:30:00+00:00,40.80446213
2018-01-24T12:45:00+00:00,69.23391613
2018-01-24T13:00:00+00:00,240.1478781
2018-01-24T13:15:00+00:00,265.7281671
2018-01-24T13:30:00+00:00,242.2709751
2018-01-24T13:45:00+00:00,155.4273421
2018-01-24T14:00:00+00:00,158.8396041
2018-01-24T14:15:00+00:00,175.8002111
2018-01-24T14:30:00+00:00,158.1241101
2018-01-24T14:45:00+00:00,184.5807021
2018-01-24T15:00:00+00:00,110.9972971
2018-01-24T15:15:00+00:00,138.8639451
2018-01-24T15:30:00+00:00,32.37959713
2018-01-24T15:45:00+00:00,7.66031913
2018-01-24T16:00:00+00:00,36.31486713
2018-01-24T16:15:00+00:00,0
2018-01-24T16:30:00+00:00,76.67500975
2018-01-24T16:45:00+00:00,0
2018-01-24T17:00:00+00:00,0
2018-01-24T17:15:00+00:00,0
2018-01-24T17:30:00+00:00,0
2018-01-24T17:45:00+00:00,0
2018-01-24T18:00:00+00:00,0
2018-01-24T18:15:00+00:00,0
2018-01-24T18:30:00+00:00,56.66486599
2018-01-24T18:45:00+00:00,120.5519598
2018-01-24T19:00:00+00:00,55.46033436
2018-01-24T19:15:00+00:00,0
2018-01-24T19:30:00+00:00,0
2018-01-24T19:45:00+00:00,0
2018-01-24T20:00:00+00:00,91.82036804
2018-01-24T20:15:00+00:00,12.97686112
2018-01-24T20:30:00+00:00,75.885385
2018-01-24T20:45:00+00:00,121.5399736
2018-01-24T21:00:00+00:00,74.91738068
2018-01-24T21:15:00+00:00,0
2018-01-24T21:30:00+00:00,0
2018-01-24T21:45:00+00:00,0
2018-01-24T22:00:00+00:00,0
2018-01-24T22:15:00+00:00,0
2018-01-24T22:30:00+00:00,0
2018-01-24T22:45:00+00:00,0
2018-01-24T23:00:00+00:00,0
2018-01-24T23:15:00+00:00,0
2018-01-24T23:30:00+00:00,0
2018-01-24T23:45:00+00:00,0
2018-01-25T00:00:00+00:00,0
2018-01-25T00:15:00+00:00,0
2018-01-25T00:30:00+00:00,0
2018-01-25T00:45:00+00:00,0
2018-01-25T01:00:00+00:00,0
2018-01-25T01:15:00+00:00,0.29774199
2018-01-25T01:30:00+00:00,0.069335288
2018-01-25T01:45:00+00:00,0.133109257
2018-01-25T02:00:00+00:00,0.231228922
2018-01-25T02:15:00+00:00,0.25939099
2018-01-25T02:30:00+00:00,0.054201997
2018-01-25T02:45:00+00:00,0.137100568
2018-01-25T03:00:00+00:00,0
2018-01-25T03:15:00+00:00,0.02647011
2018-01-25T03:30:00+00:00,0
2018-01-25T03:45:00+00:00,0
2018-01-25T04:00:00+00:00,0
2018-01-25T04:15:00+00:00,0
2018-01-25T04:30:00+00:00,0
2018-01-25T04:45:00+00:00,0
2018-01-25T05:00:00+00:00,0
2018-01-25T05:15:00+00:00,0
2018-01-25T05:30:00+00:00,2.419937787
2018-01-25T05:45:00+00:00,3.982206246
2018-01-25T06:00:00+00:00,1.182706481
2018-01-25T06:15:00+00:00,0
2018-01-25T06:30:00+00:00,0
2018-01-25T06:45:00+00:00,0
2018-01-25T07:00:00+00:00,0
2018-01-25T07:15:00+00:00,0
2018-01-25T07:30:00+00:00,0
2018-01-25T07:45:00+00:00,0
2018-01-25T08:00:00+00:00,15.63633173
2018-01-25T08:15:00+00:00,17.13432356
2018-01-25T08:30:00+00:00,64.27512736
2018-01-25T08:45:00+00:00,43.38286594
2018-01-25T09:00:00+00:00,5.318850588
2018-01-25T09:15:00+00:00,56.45624049
2018-01-25T09:30:00+00:00,0
2018-01-25T09:45:00+00:00,0
2018-01-25T10:00:00+00:00,0
2018-01-25T10:15:00+00:00,0
2018-01-25T10:30:00+00:00,0
2018-01-25T10:45:00+00:00,0
2018-01-25T11:00:00+00:00,0
2018-01-25T11:15:00+00:00,0
2018-01-25T11:30:00+00:00,50.72619499
2018-01-25T11:45:00+00:00,168.2979158
2018-01-25T12:00:00+00:00,215.3798954
2018-01-25T12:15:00+00:00,240.6883403
2018-01-25T12:30:00+00:00,71.21734743
2018-01-25T12:45:00+00:00,66.74900957
2018-01-25T13:00:00+00:00,0
2018-01-25T13:15:00+00:00,0
2018-01-25T13:30:00+00:00,0
2018-01-25T13:45:00+00:00,18.85331899
2018-01-25T14:00:00+00:00,0
2018-01-25T14:15:00+00:00,127.303668
2018-01-25T14:30:00+00:00,0
2018-01-25T14:45:00+00:00,0
2018-01-25T15:00:00+00:00,0
2018-01-25T15:15:00+00:00,0
2018-01-25T15:30:00+00:00,0
2018-01-25T15:45:00+00:00,0
2018-01-25T16:00:00+00:00,0
2018-01-25T16:15:00+00:00,0
2018-01-25T16:30:00+00:00,0
2018-01-25T16:45:00+00:00,16.15706799
2018-01-25T17:00:00+00:00,0
2018-01-25T17:15:00+00:00,0
2018-01-25T17:30:00+00:00,0
2018-01-25T17:45:00+00:00,103.0813925
2018-01-25T18:00:00+00:00,78.90648977
2018-01-25T18:15:00+00:00,204.8680309
2018-01-25T18:30:00+00:00,0
2018-01-25T18:45:00+00:00,0
2018-01-25T19:00:00+00:00,0
2018-01-25T19:15:00+00:00,0
2018-01-25T19:30:00+00:00,0
2018-01-25T19:45:00+00:00,0
2018-01-25T20:00:00+00:00,0
2018-01-25T20:15:00+00:00,0
2018-01-25T20:30:00+00:00,0
2018-01-25T20:45:00+00:00,0
2018-01-25T21:00:00+00:00,0
2018-01-25T21:15:00+00:00,46.96464799
2018-01-25T21:30:00+00:00,0
2018-01-25T21:45:00+00:00,0
2018-01-25T22:00:00+00:00,0
2018-01-25T22:15:00+00:00,33.98082199
2018-01-25T22:30:00+00:00,15.66457077
2018-01-25T22:45:00+00:00,0
2018-01-25T23:00:00+00:00,0
2018-01-25T23:15:00+00:00,0
2018-01-25T23:30:00+00:00,0
2018-01-25T23:45:00+00:00,0
2018-01-26T00:00:00+00:00,0
2018-01-26T00:15:00+00:00,0
2018-01-26T00:30:00+00:00,0
2018-01-26T00:45:00+00:00,0
2018-01-26T01:00:00+00:00,0
2018-01-26T01:15:00+00:00,0.53823699
2018-01-26T01:30:00+00:00,0.909491774
2018-01-26T01:45:00+00:00,0.541511363
2018-01-26T02:00:00+00:00,0
2018-01-26T02:15:00+00:00,0
2018-01-26T02:30:00+00:00,0
2018-01-26T02:45:00+00:00,0
2018-01-26T03:00:00+00:00,0
2018-01-26T03:15:00+00:00,0.04100522
2018-01-26T03:30:00+00:00,0
2018-01-26T03:45:00+00:00,0
2018-01-26T04:00:00+00:00,0
2018-01-26T04:15:00+00:00,0
2018-01-26T04:30:00+00:00,0
2018-01-26T04:45:00+00:00,0
2018-01-26T05:00:00+00:00,0
2018-01-26T05:15:00+00:00,0
2018-01-26T05:30:00+00:00,0
2018-01-26T05:45:00+00:00,0
2018-01-26T06:00:00+00:00,0
2018-01-26T06:15:00+00:00,11.10282316
2018-01-26T06:30:00+00:00,46.78813355
2018-01-26T06:45:00+00:00,41.65975314
2018-01-26T07:00:00+00:00,83.67106138
2018-01-26T07:15:00+00:00,353.9550841
2018-01-26T07:30:00+00:00,272.8821855
2018-01-26T07:45:00+00:00,192.8192919
2018-01-26T08:00:00+00:00,132.1701684
2018-01-26T08:15:00+00:00,100.0114082
2018-01-26T08:30:00+00:00,181.9488481
2018-01-26T08:45:00+00:00,12.74473413
2018-01-26T09:00:00+00:00,38.42320413
2018-01-26T09:15:00+00:00,0
2018-01-26T09:30:00+00:00,76.57974899
2018-01-26T09:45:00+00:00,163.9978688
2018-01-26T10:00:00+00:00,100.7147594
2018-01-26T10:15:00+00:00,160.5391003
2018-01-26T10:30:00+00:00,183.7791884
2018-01-26T10:45:00+00:00,150.2121096
2018-01-26T11:00:00+00:00,0
2018-01-26T11:15:00+00:00,0
2018-01-26T11:30:00+00:00,41.35330199
2018-01-26T11:45:00+00:00,150.5784928
2018-01-26T12:00:00+00:00,109.7041244
2018-01-26T12:15:00+00:00,125.6163693
2018-01-26T12:30:00+00:00,130.5455124
2018-01-26T12:45:00+00:00,179.6527686
2018-01-26T13:00:00+00:00,0
2018-01-26T13:15:00+00:00,143.157687
2018-01-26T13:30:00+00:00,182.6380898
2018-01-26T13:45:00+00:00,64.08468536
2018-01-26T14:00:00+00:00,0
2018-01-26T14:15:00+00:00,0
2018-01-26T14:30:00+00:00,0
2018-01-26T14:45:00+00:00,0
2018-01-26T15:00:00+00:00,0
2018-01-26T15:15:00+00:00,0
2018-01-26T15:30:00+00:00,0
2018-01-26T15:45:00+00:00,0
2018-01-26T16:00:00+00:00,41.80850799
2018-01-26T16:15:00+00:00,0
2018-01-26T16:30:00+00:00,0
2018-01-26T16:45:00+00:00,0
2018-01-26T17:00:00+00:00,91.97230799
2018-01-26T17:15:00+00:00,0
2018-01-26T17:30:00+00:00,0
2018-01-26T17:45:00+00:00,20.96187899
2018-01-26T18:00:00+00:00,0
2018-01-26T18:15:00+00:00,0
2018-01-26T18:30:00+00:00,0
2018-01-26T18:45:00+00:00,157.350718
2018-01-26T19:00:00+00:00,19.43202377
2018-01-26T19:15:00+00:00,57.47851036
2018-01-26T19:30:00+00:00,0
2018-01-26T19:45:00+00:00,0
2018-01-26T20:00:00+00:00,0
2018-01-26T20:15:00+00:00,0
2018-01-26T20:30:00+00:00,36.64338599
2018-01-26T20:45:00+00:00,0
2018-01-26T21:00:00+00:00,0
2018-01-26T21:15:00+00:00,147.5241687
2018-01-26T21:30:00+00:00,145.4585223
2018-01-26T21:45:00+00:00,66.37040405
2018-01-26T22:00:00+00:00,193.6110978
2018-01-26T22:15:00+00:00,200.4960907
2018-01-26T22:30:00+00:00,173.6936594
2018-01-26T22:45:00+00:00,42.61630946
2018-01-26T23:00:00+00:00,25.07494343
2018-01-26T23:15:00+00:00,0.23654516
2018-01-26T23:30:00+00:00,0
2018-01-26T23:45:00+00:00,0
2018-01-27T00:00:00+00:00,0
2018-01-27T00:15:00+00:00,0
2018-01-27T00:30:00+00:00,0
2018-01-27T00:45:00+00:00,0
2018-01-27T01:00:00+00:00,0
2018-01-27T01:15:00+00:00,0
2018-01-27T01:30:00+00:00,0.20826899
2018-01-27T01:45:00+00:00,0.295244774
2018-01-27T02:00:00+00:00,0.144908265
2018-01-27T02:15:00+00:00,0
2018-01-27T02:30:00+00:00,0
2018-01-27T02:45:00+00:00,0
2018-01-27T03:00:00+00:00,0
2018-01-27T03:15:00+00:00,0
2018-01-27T03:30:00+00:00,0
2018-01-27T03:45:00+00:00,0.08490799
2018-01-27T04:00:00+00:00,0.271031774
2018-01-27T04:15:00+00:00,0.188565675
2018-01-27T04:30:00+00:00,0
2018-01-27T04:45:00+00:00,0
2018-01-27T05:00:00+00:00,0
2018-01-27T05:15:00+00:00,0
2018-01-27T05:30:00+00:00,0
2018-01-27T05:45:00+00:00,0
2018-01-27T06:00:00+00:00,0
2018-01-27T06:15:00+00:00,0
2018-01-27T06:30:00+00:00,0
2018-01-27T06:45:00+00:00,0
2018-01-27T07:00:00+00:00,0
2018-01-27T07:15:00+00:00,0
2018-01-27T07:30:00+00:00,0
2018-01-27T07:45:00+00:00,0
2018-01-27T08:00:00+00:00,0
2018-01-27T08:15:00+00:00,0
2018-01-27T08:30:00+00:00,0
2018-01-27T08:45:00+00:00,0
2018-01-27T09:00:00+00:00,0
2018-01-27T09:15:00+00:00,0
2018-01-27T09:30:00+00:00,0
2018-01-27T09:45:00+00:00,0
2018-01-27T10:00:00+00:00,0
2018-01-27T10:15:00+00:00,0
2018-01-27T10:30:00+00:00,0
2018-01-27T10:45:00+00:00,0
2018-01-27T11:00:00+00:00,0
2018-01-27T11:15:00+00:00,0
2018-01-27T11:30:00+00:00,0
2018-01-27T11:45:00+00:00,0
2018-01-27T12:00:00+00:00,0
2018-01-27T12:15:00+00:00,0
2018-01-27T12:30:00+00:00,0
2018-01-27T12:45:00+00:00,0
2018-01-27T13:00:00+00:00,0
2018-01-27T13:15:00+00:00,0
2018-01-27T13:30:00+00:00,0
2018-01-27T13:45:00+00:00,0
2018-01-27T14:00:00+00:00,0
2018-01-27T14:15:00+00:00,0
2018-01-27T14:30:00+00:00,0
2018-01-27T14:45:00+00:00,0
2018-01-27T15:00:00+00:00,0
2018-01-27T15:15:00+00:00,0
2018-01-27T15:30:00+00:00,0
2018-01-27T15:45:00+00:00,0
2018-01-27T16:00:00+00:00,0
2018-01-27T16:15:00+00:00,0
2018-01-27T16:30:00+00:00,0
2018-01-27T16:45:00+00:00,0
2018-01-27T17:00:00+00:00,0
2018-01-27T17:15:00+00:00,0
2018-01-27T17:30:00+00:00,0
2018-01-27T17:45:00+00:00,0
2018-01-27T18:00:00+00:00,0
2018-01-27T18:15:00+00:00,0
2018-01-27T18:30:00+00:00,0
2018-01-27T18:45:00+00:00,0
2018-01-27T19:00:00+00:00,0
2018-01-27T19:15:00+00:00,0
2018-01-27T19:30:00+00:00,0
2018-01-27T19:45:00+00:00,0
2018-01-27T20:00:00+00:00,0
2018-01-27T20:15:00+00:00,0
2018-01-27T20:30:00+00:00,0
2018-01-27T20:45:00+00:00,0
2018-01-27T21:00:00+00:00,0
2018-01-27T21:15:00+00:00,0
2018-01-27T21:30:00+00:00,0
2018-01-27T21:45:00+00:00,0
2018-01-27T22:00:00+00:00,0
2018-01-27T22:15:00+00:00,0
2018-01-27T22:30:00+00:00,0
2018-01-27T22:45:00+00:00,0
2018-01-27T23:00:00+00:00,0.042506138
2018-01-27T23:15:00+00:00,0
2018-01-27T23:30:00+00:00,0
2018-01-27T23:45:00+00:00,0
2018-01-28T00:00:00+00:00,0
2018-01-28T00:15:00+00:00,0
2018-01-28T00:30:00+00:00,0
2018-01-28T00:45:00+00:00,0
2018-01-28T01:00:00+00:00,0
2018-01-28T01:15:00+00:00,0
2018-01-28T01:30:00+00:00,0
2018-01-28T01:45:00+00:00,0
2018-01-28T02:00:00+00:00,0
2018-01-28T02:15:00+00:00,0
2018-01-28T02:30:00+00:00,0
2018-01-28T02:45:00+00:00,0
2018-01-28T03:00:00+00:00,0
2018-01-28T03:15:00+00:00,0
2018-01-28T03:30:00+00:00,0
2018-01-28T03:45:00+00:00,0
2018-01-28T04:00:00+00:00,0
2018-01-28T04:15:00+00:00,0
2018-01-28T04:30:00+00:00,0
2018-01-28T04:45:00+00:00,0
2018-01-28T05:00:00+00:00,0
2018-01-28T05:15:00+00:00,0
2018-01-28T05:30:00+00:00,0
2018-01-28T05:45:00+00:00,0
2018-01-28T06:00:00+00:00,0
2018-01-28T06:15:00+00:00,0
2018-01-28T06:30:00+00:00,0
2018-01-28T06:45:00+00:00,0
2018-01-28T07:00:00+00:00,0
2018-01-28T07:15:00+00:00,0
2018-01-28T07:30:00+00:00,0
2018-01-28T07:45:00+00:00,0
2018-01-28T08:00:00+00:00,0
2018-01-28T08:15:00+00:00,0
2018-01-28T08:30:00+00:00,0
2018-01-28T08:45:00+00:00,0
2018-01-28T09:00:00+00:00,0
2018-01-28T09:15:00+00:00,0
2018-01-28T09:30:00+00:00,0
2018-01-28T09:45:00+00:00,0
2018-01-28T10:00:00+00:00,0
2018-01-28T10:15:00+00:00,0
2018-01-28T10:30:00+00:00,0
2018-01-28T10:45:00+00:00,0
2018-01-28T11:00:00+00:00,0
2018-01-28T11:15:00+00:00,0
2018-01-28T11:30:00+00:00,0
2018-01-28T11:45:00+00:00,0
2018-01-28T12:00:00+00:00,0
2018-01-28T12:15:00+00:00,0
2018-01-28T12:30:00+00:00,0
2018-01-28T12:45:00+00:00,0
2018-01-28T13:00:00+00:00,0
2018-01-28T13:15:00+00:00,0
2018-01-28T13:30:00+00:00,0
2018-01-28T13:45:00+00:00,0
2018-01-28T14:00:00+00:00,0
2018-01-28T14:15:00+00:00,0
2018-01-28T14:30:00+00:00,0
2018-01-28T14:45:00+00:00,0
2018-01-28T15:00:00+00:00,0
2018-01-28T15:15:00+00:00,0
2018-01-28T15:30:00+00:00,0
2018-01-28T15:45:00+00:00,0
2018-01-28T16:00:00+00:00,0
2018-01-28T16:15:00+00:00,0
2018-01-28T16:30:00+00:00,0
2018-01-28T16:45:00+00:00,0
2018-01-28T17:00:00+00:00,0
2018-01-28T17:15:00+00:00,0
2018-01-28T17:30:00+00:00,0
2018-01-28T17:45:00+00:00,0
2018-01-28T18:00:00+00:00,0
2018-01-28T18:15:00+00:00,0
2018-01-28T18:30:00+00:00,0
2018-01-28T18:45:00+00:00,0
2018-01-28T19:00:00+00:00,0
2018-01-28T19:15:00+00:00,0
2018-01-28T19:30:00+00:00,0
2018-01-28T19:45:00+00:00,0
2018-01-28T20:00:00+00:00,0
2018-01-28T20:15:00+00:00,0
2018-01-28T20:30:00+00:00,0
2018-01-28T20:45:00+00:00,0
2018-01-28T21:00:00+00:00,0
2018-01-28T21:15:00+00:00,0
2018-01-28T21:30:00+00:00,0
2018-01-28T21:45:00+00:00,0
2018-01-28T22:00:00+00:00,0
2018-01-28T22:15:00+00:00,0
2018-01-28T22:30:00+00:00,0
2018-01-28T22:45:00+00:00,0
2018-01-28T23:00:00+00:00,0
2018-01-28T23:15:00+00:00,0
2018-01-28T23:30:00+00:00,0
2018-01-28T23:45:00+00:00,0
2018-01-29T00:00:00+00:00,1.945560151
2018-01-29T00:15:00+00:00,2.51557074
2018-01-29T00:30:00+00:00,2.687765632
2018-01-29T00:45:00+00:00,2.642742806
2018-01-29T01:00:00+00:00,2.629410952
2018-01-29T01:15:00+00:00,2.920697851
2018-01-29T01:30:00+00:00,3.767162553
2018-01-29T01:45:00+00:00,3.612144508
2018-01-29T02:00:00+00:00,3.237101508
2018-01-29T02:15:00+00:00,2.245060508
2018-01-29T02:30:00+00:00,14.26027151
2018-01-29T02:45:00+00:00,2.178707508
2018-01-29T03:00:00+00:00,2.420564508
2018-01-29T03:15:00+00:00,2.451598508
2018-01-29T03:30:00+00:00,2.582915508
2018-01-29T03:45:00+00:00,3.011075508
2018-01-29T04:00:00+00:00,0
2018-01-29T04:15:00+00:00,0
2018-01-29T04:30:00+00:00,0
2018-01-29T04:45:00+00:00,0
2018-01-29T05:00:00+00:00,0
2018-01-29T05:15:00+00:00,0
2018-01-29T05:30:00+00:00,0
2018-01-29T05:45:00+00:00,0
2018-01-29T06:00:00+00:00,0
2018-01-29T06:15:00+00:00,0
2018-01-29T06:30:00+00:00,0
2018-01-29T06:45:00+00:00,0
2018-01-29T07:00:00+00:00,0
2018-01-29T07:15:00+00:00,0
2018-01-29T07:30:00+00:00,0
2018-01-29T07:45:00+00:00,0
2018-01-29T08:00:00+00:00,0
2018-01-29T08:15:00+00:00,0
2018-01-29T08:30:00+00:00,0
2018-01-29T08:45:00+00:00,0
2018-01-29T09:00:00+00:00,0
2018-01-29T09:15:00+00:00,0
2018-01-29T09:30:00+00:00,0
2018-01-29T09:45:00+00:00,0
2018-01-29T10:00:00+00:00,0
2018-01-29T10:15:00+00:00,0
2018-01-29T10:30:00+00:00,0
2018-01-29T10:45:00+00:00,0
2018-01-29T11:00:00+00:00,0
2018-01-29T11:15:00+00:00,0
2018-01-29T11:30:00+00:00,0
2018-01-29T11:45:00+00:00,0
2018-01-29T12:00:00+00:00,0
2018-01-29T12:15:00+00:00,0
2018-01-29T12:30:00+00:00,0
2018-01-29T12:45:00+00:00,0
2018-01-29T13:00:00+00:00,0
2018-01-29T13:15:00+00:00,0
2018-01-29T13:30:00+00:00,0
2018-01-29T13:45:00+00:00,0
2018-01-29T14:00:00+00:00,0
2018-01-29T14:15:00+00:00,0
2018-01-29T14:30:00+00:00,0
2018-01-29T14:45:00+00:00,0
2018-01-29T15:00:00+00:00,0
2018-01-29T15:15:00+00:00,0
2018-01-29T15:30:00+00:00,0
2018-01-29T15:45:00+00:00,0
2018-01-29T16:00:00+00:00,0
2018-01-29T16:15:00+00:00,0
2018-01-29T16:30:00+00:00,0
2018-01-29T16:45:00+00:00,0
2018-01-29T17:00:00+00:00,0
2018-01-29T17:15:00+00:00,0
2018-01-29T17:30:00+00:00,0
2018-01-29T17:45:00+00:00,0
2018-01-29T18:00:00+00:00,0
2018-01-29T18:15:00+00:00,0
2018-01-29T18:30:00+00:00,0
2018-01-29T18:45:00+00:00,0
2018-01-29T19:00:00+00:00,0
2018-01-29T19:15:00+00:00,0
2018-01-29T19:30:00+00:00,0
2018-01-29T19:45:00+00:00,0
2018-01-29T20:00:00+00:00,0
2018-01-29T20:15:00+00:00,0
2018-01-29T20:30:00+00:00,0
2018-01-29T20:45:00+00:00,0
2018-01-29T21:00:00+00:00,0
2018-01-29T21:15:00+00:00,0
2018-01-29T21:30:00+00:00,0
2018-01-29T21:45:00+00:00,0
2018-01-29T22:00:00+00:00,0
2018-01-29T22:15:00+00:00,0
2018-01-29T22:30:00+00:00,0
2018-01-29T22:45:00+00:00,0
2018-01-29T23:00:00+00:00,0
2018-01-29T23:15:00+00:00,0
2018-01-29T23:30:00+00:00,0
2018-01-29T23:45:00+00:00,0
2018-01-30T00:00:00+00:00,0
2018-01-30T00:15:00+00:00,0
2018-01-30T00:30:00+00:00,0
2018-01-30T00:45:00+00:00,0
2018-01-30T01:00:00+00:00,0
2018-01-30T01:15:00+00:00,0
2018-01-30T01:30:00+00:00,0
2018-01-30T01:45:00+00:00,0
2018-01-30T02:00:00+00:00,0
2018-01-30T02:15:00+00:00,0
2018-01-30T02:30:00+00:00,0
2018-01-30T02:45:00+00:00,0
2018-01-30T03:00:00+00:00,0
2018-01-30T03:15:00+00:00,0
2018-01-30T03:30:00+00:00,0
2018-01-30T03:45:00+00:00,0
2018-01-30T04:00:00+00:00,0
2018-01-30T04:15:00+00:00,0
2018-01-30T04:30:00+00:00,0
2018-01-30T04:45:00+00:00,0
2018-01-30T05:00:00+00:00,0
2018-01-30T05:15:00+00:00,0
2018-01-30T05:30:00+00:00,0
2018-01-30T05:45:00+00:00,0
2018-01-30T06:00:00+00:00,0
2018-01-30T06:15:00+00:00,0
2018-01-30T06:30:00+00:00,0
2018-01-30T06:45:00+00:00,0
2018-01-30T07:00:00+00:00,0
2018-01-30T07:15:00+00:00,0
2018-01-30T07:30:00+00:00,0
2018-01-30T07:45:00+00:00,0
2018-01-30T08:00:00+00:00,0
2018-01-30T08:15:00+00:00,0
2018-01-30T08:30:00+00:00,0
2018-01-30T08:45:00+00:00,0
2018-01-30T09:00:00+00:00,0
2018-01-30T09:15:00+00:00,0
2018-01-30T09:30:00+00:00,0
2018-01-30T09:45:00+00:00,0
2018-01-30T10:00:00+00:00,0
2018-01-30T10:15:00+00:00,0
2018-01-30T10:30:00+00:00,0
2018-01-30T10:45:00+00:00,0
2018-01-30T11:00:00+00:00,0
2018-01-30T11:15:00+00:00,0
2018-01-30T11:30:00+00:00,0
2018-01-30T11:45:00+00:00,0
2018-01-30T12:00:00+00:00,0
2018-01-30T12:15:00+00:00,0
2018-01-30T12:30:00+00:00,0
2018-01-30T12:45:00+00:00,0
2018-01-30T13:00:00+00:00,0
2018-01-30T13:15:00+00:00,0
2018-01-30T13:30:00+00:00,0
2018-01-30T13:45:00+00:00,0
2018-01-30T14:00:00+00:00,0
2018-01-30T14:15:00+00:00,0
2018-01-30T14:30:00+00:00,0
2018-01-30T14:45:00+00:00,0
2018-01-30T15:00:00+00:00,0
2018-01-30T15:15:00+00:00,0
2018-01-30T15:30:00+00:00,0
2018-01-30T15:45:00+00:00,12.29798837
2018-01-30T16:00:00+00:00,0
2018-01-30T16:15:00+00:00,0
2018-01-30T16:30:00+00:00,0
2018-01-30T16:45:00+00:00,0
2018-01-30T17:00:00+00:00,0
2018-01-30T17:15:00+00:00,0
2018-01-30T17:30:00+00:00,0
2018-01-30T17:45:00+00:00,0
2018-01-30T18:00:00+00:00,0
2018-01-30T18:15:00+00:00,0
2018-01-30T18:30:00+00:00,0
2018-01-30T18:45:00+00:00,0
2018-01-30T19:00:00+00:00,0
2018-01-30T19:15:00+00:00,0
2018-01-30T19:30:00+00:00,0
2018-01-30T19:45:00+00:00,0
2018-01-30T20:00:00+00:00,0
2018-01-30T20:15:00+00:00,0
2018-01-30T20:30:00+00:00,0
2018-01-30T20:45:00+00:00,0
2018-01-30T21:00:00+00:00,0
2018-01-30T21:15:00+00:00,0
2018-01-30T21:30:00+00:00,0
2018-01-30T21:45:00+00:00,0
2018-01-30T22:00:00+00:00,0
2018-01-30T22:15:00+00:00,0
2018-01-30T22:30:00+00:00,0
2018-01-30T22:45:00+00:00,0
2018-01-30T23:00:00+00:00,0
2018-01-30T23:15:00+00:00,0
2018-01-30T23:30:00+00:00,0
2018-01-30T23:45:00+00:00,0
2018-01-31T00:00:00+00:00,0
2018-01-31T00:15:00+00:00,0
2018-01-31T00:30:00+00:00,0
2018-01-31T00:45:00+00:00,0
2018-01-31T01:00:00+00:00,0
2018-01-31T01:15:00+00:00,0
2018-01-31T01:30:00+00:00,0
2018-01-31T01:45:00+00:00,0
2018-01-31T02:00:00+00:00,0
2018-01-31T02:15:00+00:00,0
2018-01-31T02:30:00+00:00,0
2018-01-31T02:45:00+00:00,0
2018-01-31T03:00:00+00:00,0
2018-01-31T03:15:00+00:00,0
2018-01-31T03:30:00+00:00,0
2018-01-31T03:45:00+00:00,0
2018-01-31T04:00:00+00:00,0
2018-01-31T04:15:00+00:00,0
2018-01-31T04:30:00+00:00,0
2018-01-31T04:45:00+00:00,0
2018-01-31T05:00:00+00:00,0.998218368
2018-01-31T05:15:00+00:00,0
2018-01-31T05:30:00+00:00,0
2018-01-31T05:45:00+00:00,0
2018-01-31T06:00:00+00:00,0.028900509
2018-01-31T06:15:00+00:00,9.642608151
2018-01-31T06:30:00+00:00,0
2018-01-31T06:45:00+00:00,0
2018-01-31T07:00:00+00:00,0
2018-01-31T07:15:00+00:00,0
2018-01-31T07:30:00+00:00,0
2018-01-31T07:45:00+00:00,0
2018-01-31T08:00:00+00:00,56.55497945
2018-01-31T08:15:00+00:00,111.5068818
2018-01-31T08:30:00+00:00,82.32044584
2018-01-31T08:45:00+00:00,107.9261406
2018-01-31T09:00:00+00:00,101.9343364
2018-01-31T09:15:00+00:00,137.5332474
2018-01-31T09:30:00+00:00,77.04705001
2018-01-31T09:45:00+00:00,185.0329786
2018-01-31T10:00:00+00:00,56.20992452
2018-01-31T10:15:00+00:00,42.15389351
2018-01-31T10:30:00+00:00,33.87139451
2018-01-31T10:45:00+00:00,165.0815725
2018-01-31T11:00:00+00:00,256.5109505
2018-01-31T11:15:00+00:00,34.64498251
2018-01-31T11:30:00+00:00,52.38826951
2018-01-31T11:45:00+00:00,63.45052851
2018-01-31T12:00:00+00:00,196.2446315
2018-01-31T12:15:00+00:00,217.0486355
2018-01-31T12:30:00+00:00,40.79151451
2018-01-31T12:45:00+00:00,69.22096851
2018-01-31T13:00:00+00:00,240.1349305
2018-01-31T13:15:00+00:00,265.7152195
2018-01-31T13:30:00+00:00,242.2580275
2018-01-31T13:45:00+00:00,155.4143945
2018-01-31T14:00:00+00:00,158.8266565
2018-01-31T14:15:00+00:00,175.7872635
2018-01-31T14:30:00+00:00,158.1111625
2018-01-31T14:45:00+00:00,184.5677545
2018-01-31T15:00:00+00:00,110.9843495
2018-01-31T15:15:00+00:00,138.8509975
2018-01-31T15:30:00+00:00,32.36664951
2018-01-31T15:45:00+00:00,7.647371508
2018-01-31T16:00:00+00:00,36.30191951
2018-01-31T16:15:00+00:00,0
2018-01-31T16:30:00+00:00,76.66206213
2018-01-31T16:45:00+00:00,0
2018-01-31T17:00:00+00:00,0
2018-01-31T17:15:00+00:00,0
2018-01-31T17:30:00+00:00,0
2018-01-31T17:45:00+00:00,0
2018-01-31T18:00:00+00:00,0
2018-01-31T18:15:00+00:00,0
2018-01-31T18:30:00+00:00,56.65191837
2018-01-31T18:45:00+00:00,120.5390122
2018-01-31T19:00:00+00:00,55.44738674
2018-01-31T19:15:00+00:00,0
2018-01-31T19:30:00+00:00,0
2018-01-31T19:45:00+00:00,0
2018-01-31T20:00:00+00:00,91.80742042
2018-01-31T20:15:00+00:00,12.9639135
2018-01-31T20:30:00+00:00,75.87243738
2018-01-31T20:45:00+00:00,121.527026
2018-01-31T21:00:00+00:00,74.90443305
2018-01-31T21:15:00+00:00,0
2018-01-31T21:30:00+00:00,0
2018-01-31T21:45:00+00:00,0
2018-01-31T22:00:00+00:00,0
2018-01-31T22:15:00+00:00,0
2018-01-31T22:30:00+00:00,0
2018-01-31T22:45:00+00:00,0
2018-01-31T23:00:00+00:00,0
2018-01-31T23:15:00+00:00,0
2018-01-31T23:30:00+00:00,0
2018-01-31T23:45:00+00:00,0
